{
  "type": "minecraft:block",
  "pools": [
    {
      "rolls": 1,
      "bonus_rolls": 0,
      "entries": [
        {
          "type": "minecraft:alternatives",
          "children": [
            {
              "type": "minecraft:alternatives",
              "children": [
                {
                  "type": "minecraft:item",
                  "name": "minecraft:snowball",
                  "functions": [
                    {
                      "function": "minecraft:set_components",
                      "components": {
                        "minecraft:custom_data": "{damage:[{type:'cold',amount:1}]}",
                        "minecraft:enchantment_glint_override": false,
                        "minecraft:enchantments": {
                          "levels": {
                            "rpgc:weapon": 1
                          },
                          "show_in_tooltip": false
                        }
                      }
                    },
                    {
                      "function": "minecraft:set_count",
                      "count": 1,
                      "add": false
                    }
                  ],
                  "conditions": [
                    {
                      "condition": "minecraft:block_state_property",
                      "block": "minecraft:snow",
                      "properties": {
                        "layers": "1"
                      }
                    }
                  ]
                },
                {
                  "type": "minecraft:item",
                  "name": "minecraft:snowball",
                  "functions": [
                    {
                      "function": "minecraft:set_components",
                      "components": {
                        "minecraft:custom_data": "{damage:[{type:'cold',amount:1}]}",
                        "minecraft:enchantment_glint_override": false,
                        "minecraft:enchantments": {
                          "levels": {
                            "rpgc:weapon": 1
                          },
                          "show_in_tooltip": false
                        }
                      }
                    },
                    {
                      "function": "minecraft:set_count",
                      "count": 2,
                      "add": false
                    }
                  ],
                  "conditions": [
                    {
                      "condition": "minecraft:block_state_property",
                      "block": "minecraft:snow",
                      "properties": {
                        "layers": "2"
                      }
                    }
                  ]
                },
                {
                  "type": "minecraft:item",
                  "name": "minecraft:snowball",
                  "functions": [
                    {
                      "function": "minecraft:set_components",
                      "components": {
                        "minecraft:custom_data": "{damage:[{type:'cold',amount:1}]}",
                        "minecraft:enchantment_glint_override": false,
                        "minecraft:enchantments": {
                          "levels": {
                            "rpgc:weapon": 1
                          },
                          "show_in_tooltip": false
                        }
                      }
                    },
                    {
                      "function": "minecraft:set_count",
                      "count": 3,
                      "add": false
                    }
                  ],
                  "conditions": [
                    {
                      "condition": "minecraft:block_state_property",
                      "block": "minecraft:snow",
                      "properties": {
                        "layers": "3"
                      }
                    }
                  ]
                },
                {
                  "type": "minecraft:item",
                  "name": "minecraft:snowball",
                  "functions": [
                    {
                      "function": "minecraft:set_components",
                      "components": {
                        "minecraft:custom_data": "{damage:[{type:'cold',amount:1}]}",
                        "minecraft:enchantment_glint_override": false,
                        "minecraft:enchantments": {
                          "levels": {
                            "rpgc:weapon": 1
                          },
                          "show_in_tooltip": false
                        }
                      }
                    },
                    {
                      "function": "minecraft:set_count",
                      "count": 4,
                      "add": false
                    }
                  ],
                  "conditions": [
                    {
                      "condition": "minecraft:block_state_property",
                      "block": "minecraft:snow",
                      "properties": {
                        "layers": "4"
                      }
                    }
                  ]
                },
                {
                  "type": "minecraft:item",
                  "name": "minecraft:snowball",
                  "functions": [
                    {
                      "function": "minecraft:set_components",
                      "components": {
                        "minecraft:custom_data": "{damage:[{type:'cold',amount:1}]}",
                        "minecraft:enchantment_glint_override": false,
                        "minecraft:enchantments": {
                          "levels": {
                            "rpgc:weapon": 1
                          },
                          "show_in_tooltip": false
                        }
                      }
                    },
                    {
                      "function": "minecraft:set_count",
                      "count": 5,
                      "add": false
                    }
                  ],
                  "conditions": [
                    {
                      "condition": "minecraft:block_state_property",
                      "block": "minecraft:snow",
                      "properties": {
                        "layers": "5"
                      }
                    }
                  ]
                },
                {
                  "type": "minecraft:item",
                  "name": "minecraft:snowball",
                  "functions": [
                    {
                      "function": "minecraft:set_components",
                      "components": {
                        "minecraft:custom_data": "{damage:[{type:'cold',amount:1}]}",
                        "minecraft:enchantment_glint_override": false,
                        "minecraft:enchantments": {
                          "levels": {
                            "rpgc:weapon": 1
                          },
                          "show_in_tooltip": false
                        }
                      }
                    },
                    {
                      "function": "minecraft:set_count",
                      "count": 6,
                      "add": false
                    }
                  ],
                  "conditions": [
                    {
                      "condition": "minecraft:block_state_property",
                      "block": "minecraft:snow",
                      "properties": {
                        "layers": "6"
                      }
                    }
                  ]
                },
                {
                  "type": "minecraft:item",
                  "name": "minecraft:snowball",
                  "functions": [
                    {
                      "function": "minecraft:set_components",
                      "components": {
                        "minecraft:custom_data": "{damage:[{type:'cold',amount:1}]}",
                        "minecraft:enchantment_glint_override": false,
                        "minecraft:enchantments": {
                          "levels": {
                            "rpgc:weapon": 1
                          },
                          "show_in_tooltip": false
                        }
                      }
                    },
                    {
                      "function": "minecraft:set_count",
                      "count": 7,
                      "add": false
                    }
                  ],
                  "conditions": [
                    {
                      "condition": "minecraft:block_state_property",
                      "block": "minecraft:snow",
                      "properties": {
                        "layers": "7"
                      }
                    }
                  ]
                },
                {
                  "type": "minecraft:item",
                  "name": "minecraft:snowball",
                  "functions": [
                    {
                      "function": "minecraft:set_components",
                      "components": {
                        "minecraft:custom_data": "{damage:[{type:'cold',amount:1}]}",
                        "minecraft:enchantment_glint_override": false,
                        "minecraft:enchantments": {
                          "levels": {
                            "rpgc:weapon": 1
                          },
                          "show_in_tooltip": false
                        }
                      }
                    },
                    {
                      "function": "minecraft:set_count",
                      "count": 8,
                      "add": false
                    }
                  ],
                  "conditions": [
                    {
                      "condition": "minecraft:block_state_property",
                      "block": "minecraft:snow",
                      "properties": {
                        "layers": "8"
                      }
                    }
                  ]
                }
              ],
              "conditions": [
                {
                  "condition": "minecraft:inverted",
                  "term": {
                    "condition": "minecraft:match_tool",
                    "predicate": {
                      "predicates": {
                        "minecraft:enchantments": [
                          {
                            "enchantments": "minecraft:silk_touch",
                            "levels": {
                              "min": 1
                            }
                          }
                        ]
                      }
                    }
                  }
                }
              ]
            },
            {
              "type": "minecraft:alternatives",
              "children": [
                {
                  "type": "minecraft:item",
                  "name": "minecraft:snow",
                  "functions": [
                    {
                      "function": "minecraft:set_count",
                      "count": 1,
                      "add": false
                    }
                  ],
                  "conditions": [
                    {
                      "condition": "minecraft:block_state_property",
                      "block": "minecraft:snow",
                      "properties": {
                        "layers": "1"
                      }
                    }
                  ]
                },
                {
                  "type": "minecraft:item",
                  "name": "minecraft:snow",
                  "functions": [
                    {
                      "function": "minecraft:set_count",
                      "count": 2,
                      "add": false
                    }
                  ],
                  "conditions": [
                    {
                      "condition": "minecraft:block_state_property",
                      "block": "minecraft:snow",
                      "properties": {
                        "layers": "2"
                      }
                    }
                  ]
                },
                {
                  "type": "minecraft:item",
                  "name": "minecraft:snow",
                  "functions": [
                    {
                      "function": "minecraft:set_count",
                      "count": 3,
                      "add": false
                    }
                  ],
                  "conditions": [
                    {
                      "condition": "minecraft:block_state_property",
                      "block": "minecraft:snow",
                      "properties": {
                        "layers": "3"
                      }
                    }
                  ]
                },
                {
                  "type": "minecraft:item",
                  "name": "minecraft:snow",
                  "functions": [
                    {
                      "function": "minecraft:set_count",
                      "count": 4,
                      "add": false
                    }
                  ],
                  "conditions": [
                    {
                      "condition": "minecraft:block_state_property",
                      "block": "minecraft:snow",
                      "properties": {
                        "layers": "4"
                      }
                    }
                  ]
                },
                {
                  "type": "minecraft:item",
                  "name": "minecraft:snow",
                  "functions": [
                    {
                      "function": "minecraft:set_count",
                      "count": 5,
                      "add": false
                    }
                  ],
                  "conditions": [
                    {
                      "condition": "minecraft:block_state_property",
                      "block": "minecraft:snow",
                      "properties": {
                        "layers": "5"
                      }
                    }
                  ]
                },
                {
                  "type": "minecraft:item",
                  "name": "minecraft:snow",
                  "functions": [
                    {
                      "function": "minecraft:set_count",
                      "count": 6,
                      "add": false
                    }
                  ],
                  "conditions": [
                    {
                      "condition": "minecraft:block_state_property",
                      "block": "minecraft:snow",
                      "properties": {
                        "layers": "6"
                      }
                    }
                  ]
                },
                {
                  "type": "minecraft:item",
                  "name": "minecraft:snow",
                  "functions": [
                    {
                      "function": "minecraft:set_count",
                      "count": 7,
                      "add": false
                    }
                  ],
                  "conditions": [
                    {
                      "condition": "minecraft:block_state_property",
                      "block": "minecraft:snow",
                      "properties": {
                        "layers": "7"
                      }
                    }
                  ]
                },
                {
                  "type": "minecraft:item",
                  "name": "minecraft:snow_block"
                }
              ]
            }
          ]
        }
      ],
      "conditions": [
        {
          "condition": "minecraft:entity_properties",
          "entity": "this",
          "predicate": {}
        }
      ]
    }
  ],
  "random_sequence": "minecraft:blocks/snow"
}
