{
  "type": "minecraft:chest",
  "pools": [
    {
      "rolls": {
        "min": 1,
        "max": 4,
        "type": "minecraft:uniform"
      },
      "bonus_rolls": {
        "min": 0,
        "max": 1,
        "type": "minecraft:uniform"
      },
      "entries": [
        {
          "type": "minecraft:loot_table",
          "value": "rpgloot:uncommon_items",
          "weight": 100,
          "quality": 0
        },
        {
          "type": "minecraft:loot_table",
          "value": "rpgloot:rare_items",
          "weight": 40,
          "quality": 1
        },
        {
          "type": "minecraft:loot_table",
          "value": "rpgloot:veryrare_items",
          "weight": 10,
          "quality": 3
        },
        {
          "type": "minecraft:loot_table",
          "value": "rpgloot:legendary_items",
          "weight": 1,
          "quality": 5
        }
      ]
    },
    {
      "rolls": 1,
      "entries": [
        {
          "type": "minecraft:item",
          "name": "minecraft:heart_of_the_sea"
        }
      ]
    },
    {
      "rolls": {
        "min": 5,
        "max": 8,
        "type": "minecraft:uniform"
      },
      "entries": [
        {
          "type": "minecraft:item",
          "weight": 10,
          "functions": [
            {
              "function": "minecraft:set_count",
              "count": {
                "min": 1,
                "max": 4,
                "type": "minecraft:uniform"
              }
            }
          ],
          "name": "minecraft:iron_ingot"
        },
        {
          "type": "minecraft:item",
          "weight": 10,
          "functions": [
            {
              "function": "minecraft:set_count",
              "count": {
                "min": 1,
                "max": 4,
                "type": "minecraft:uniform"
              }
            }
          ],
          "name": "minecraft:gold_ingot"
        },
        {
          "type": "minecraft:item",
          "weight": 3,
          "functions": [
            {
              "function": "minecraft:set_count",
              "count": {
                "min": 1,
                "max": 2,
                "type": "minecraft:uniform"
              }
            }
          ],
          "name": "minecraft:tnt"
        }
      ]
    },
    {
      "rolls": {
        "min": 1,
        "max": 3,
        "type": "minecraft:uniform"
      },
      "entries": [
        {
          "type": "minecraft:item",
          "weight": 3,
          "functions": [
            {
              "function": "minecraft:set_count",
              "count": {
                "min": 4,
                "max": 8,
                "type": "minecraft:uniform"
              }
            }
          ],
          "name": "minecraft:emerald"
        },
        {
          "type": "minecraft:item",
          "weight": 3,
          "functions": [
            {
              "function": "minecraft:set_count",
              "count": {
                "min": 1,
                "max": 2,
                "type": "minecraft:uniform"
              }
            }
          ],
          "name": "minecraft:diamond"
        },
        {
          "type": "minecraft:item",
          "weight": 3,
          "functions": [
            {
              "function": "minecraft:set_count",
              "count": {
                "min": 1,
                "max": 5,
                "type": "minecraft:uniform"
              }
            }
          ],
          "name": "minecraft:prismarine_crystals"
        }
      ]
    },
    {
      "rolls": {
        "min": 0,
        "max": 1,
        "type": "minecraft:uniform"
      },
      "entries": [
        {
          "type": "minecraft:item",
          "name": "minecraft:leather_chestplate"
        },
        {
          "type": "minecraft:item",
          "name": "minecraft:iron_sword"
        }
      ]
    },
    {
      "rolls": 2,
      "entries": [
        {
          "type": "minecraft:item",
          "functions": [
            {
              "function": "minecraft:set_count",
              "count": {
                "min": 2,
                "max": 4,
                "type": "minecraft:uniform"
              }
            }
          ],
          "name": "minecraft:cooked_cod"
        },
        {
          "type": "minecraft:item",
          "functions": [
            {
              "function": "minecraft:set_count",
              "count": {
                "min": 2,
                "max": 4,
                "type": "minecraft:uniform"
              }
            }
          ],
          "name": "minecraft:cooked_salmon"
        }
      ]
    }
  ]
}
