{
    "pools": [
      {
        "rolls": 1,
        "entries": [
          {
            "type": "minecraft:item",
            "name": "minecraft:netherite_sword",
            "functions": [
              {
                "function": "minecraft:set_custom_data",
                "tag": "{armor_pen:5,damage:[{type:'physical',amount:.1}],events:[{type:crit,run:'execute as @n[tag=rpgc.current_victim] at @s run function example:yeet'}]}"
              },
              {
                "function": "minecraft:set_enchantments",
                "enchantments": {
                  "rpgc:weapon": 1
                }
              }
            ]
          }
        ]
      }
    ]
  }
  