{
    "pools": [
      {
        "rolls": 1,
        "entries": [
          {
            "type": "minecraft:item",
            "name": "minecraft:diamond_boots",
            "functions": [
              {
                "function": "minecraft:set_custom_data",
                "tag": "{armor:0,resistance:[{type:fire,amount:50}]}"
              },
              {
                "function": "minecraft:set_enchantments",
                "enchantments": {
                  "rpgc:armor": 1
                }
              }
            ]
          }
        ]
      }
    ]
  }
  