{
    "pools": [
      {
        "rolls": 1,
        "entries": [
          {
            "type": "minecraft:item",
            "name": "minecraft:bow",
            "functions": [
              {
                "function": "minecraft:set_custom_data",
                "tag": "{damage:[{type:'fire',amount:1}],draw:20,velocity:20,inaccuracy:10,projectiles:50,events:[{type:'flight',run:'particle minecraft:lava ~ ~ ~ 0 0 0 0 1 force'},{type:'impact',run:'fill ~-1 ~-1 ~-1 ~1 ~1 ~1 minecraft:lava'}]}"
              },
              {
                "function": "minecraft:set_enchantments",
                "enchantments": {
                  "rpgc:bow": 1
                }
              }
            ]
          }
        ]
      }
    ]
  }
  