{
  "pools": [
    {
      "rolls": 1,
      "entries": [
        {
          "type": "minecraft:item",
          "name": "minecraft:wooden_sword",
          "functions": [
            {
              "function": "minecraft:set_custom_data",
              "tag": "{damage:[{type:'physical',amount:10}],events:[{type:click,run:'summon tnt'}]}"
            },
            {
              "function": "minecraft:set_enchantments",
              "enchantments": {
                "rpgc:weapon": 1
              }
            },
            {
              "function": "minecraft:set_components",
              "components": {
                "minecraft:consumable": {
                  "consume_seconds": 9999999,
                  "animation": "none",
                  "has_consume_particles": false
                }
              }
            }
          ]
        }
      ]
    }
  ]
}