{
    "pools": [
      {
        "rolls": 1,
        "entries": [
          {
            "type": "minecraft:item",
            "name": "minecraft:bone",
            "functions": [
              {
                "function": "minecraft:set_custom_data",
                "tag": "{damage:[{type:'wither',amount:1}],events:[{type:death,run:'function example:sans'}]}"
              },
              {
                "function": "minecraft:set_enchantments",
                "enchantments": {
                  "rpgc:weapon": 1
                }
              }
            ]
          }
        ]
      }
    ]
  }
  