{
    "pools": [
      {
        "rolls": 1,
        "entries": [
          {
            "type": "minecraft:item",
            "name": "minecraft:debug_stick",
            "functions": [
              {
                "function": "minecraft:set_custom_data",
                "tag": "{attributes:[{type:'armor_pen',operation:'add',amount:5}],damage:[{type:'physical',amount:10},{type:'cold',amount:69},{type:'fire',amount:420}]}"
              },
              {
                "function": "minecraft:set_enchantments",
                "enchantments": {
                  "rpgc:weapon": 1
                }
              }
            ]
          }
        ]
      }
    ]
  }
  