{
  "type": "minecraft:chest",
  "pools": [
    {
      "rolls": {
        "min": 3,
        "max": 5,
        "type": "minecraft:uniform"
      },
      "bonus_rolls": {
        "min": 0,
        "max": 2,
        "type": "minecraft:uniform"
      },
      "entries": [
        {
          "type": "minecraft:loot_table",
          "name": "rpgloot:uncommon_items",
          "weight": 150,
          "quality": 0
        },
        {
          "type": "minecraft:loot_table",
          "name": "rpgloot:rare_items",
          "weight": 60,
          "quality": 1
        },
        {
          "type": "minecraft:loot_table",
          "name": "rpgloot:veryrare_items",
          "weight": 15,
          "quality": 3
        },
        {
          "type": "minecraft:loot_table",
          "name": "rpgloot:legendary_items",
          "weight": 1,
          "quality": 5
        },
        {
          "type": "minecraft:item",
          "name": "minecraft:golden_pickaxe",
          "weight": 1,
          "quality": 3,
          "functions": [
            {
              "function": "set_attributes",
              "modifiers": [
                {
                  "name": "damage",
                  "attribute": "attack_damage",
                  "operation": "add_value",
                  "slot": "mainhand",
                  "amount": {
                    "min": 5.4,
                    "max": 8.2,
                    "type": "minecraft:uniform"
                  }
                },
                {
                  "name": "attackSpeed",
                  "attribute": "attack_speed",
                  "operation": "add_value",
                  "slot": "mainhand",
                  "amount": {
                    "min": -2.9,
                    "max": -2.7,
                    "type": "minecraft:uniform"
                  }
                }
              ]
            },
            {
              "function": "set_nbt",
              "tag": "{display:{Lore:['{\"text\":\"\"}','{\"text\":\"Legendary\",\"italic\":\"false\",\"color\":\"gold\"}','{\"text\":\"Hope you like boulders...\",\"italic\":\"true\",\"color\":\"gray\"}']}    }"
            },
            {
              "function": "minecraft:set_name",
              "name": {
                "text": "Talos",
                "color": "gold"
              }
            },
            {
              "function": "set_nbt",
              "tag": "{Unbreakable:1}"
            },
            {
              "function": "set_nbt",
              "tag": "{Enchantments:[{id:efficiency,lvl:10}]}"
            }
          ]
        },
        {
          "type": "minecraft:item",
          "name": "minecraft:shield",
          "weight": 1,
          "quality": 3,
          "functions": [
            {
              "function": "set_attributes",
              "modifiers": [
                {
                  "name": "armor",
                  "attribute": "armor",
                  "operation": "add_value",
                  "slot": "mainhand",
                  "amount": {
                    "min": 0,
                    "max": 4,
                    "type": "minecraft:uniform"
                  }
                },
                {
                  "name": "armortoughness",
                  "attribute": "armor_toughness",
                  "operation": "add_value",
                  "slot": "mainhand",
                  "amount": {
                    "min": 0,
                    "max": 3,
                    "type": "minecraft:uniform"
                  }
                },
                {
                  "name": "knockbackResistance",
                  "attribute": "knockback_resistance",
                  "operation": "add_value",
                  "slot": "mainhand",
                  "amount": {
                    "min": 0,
                    "max": 0.1,
                    "type": "minecraft:uniform"
                  }
                },
                {
                  "name": "attackdamage",
                  "attribute": "attack_damage",
                  "operation": "add_value",
                  "slot": "mainhand",
                  "amount": {
                    "min": 10,
                    "max": 14,
                    "type": "minecraft:uniform"
                  }
                },
                {
                  "name": "attackspeed",
                  "attribute": "attack_speed",
                  "operation": "add_value",
                  "slot": "mainhand",
                  "amount": {
                    "min": -1.8,
                    "max": -2.2,
                    "type": "minecraft:uniform"
                  }
                },
                {
                  "name": "luck",
                  "attribute": "luck",
                  "operation": "add_value",
                  "slot": "mainhand",
                  "amount": {
                    "min": 0,
                    "max": 0.5,
                    "type": "minecraft:uniform"
                  }
                },
                {
                  "name": "armor",
                  "attribute": "armor",
                  "operation": "add_value",
                  "slot": "offhand",
                  "amount": {
                    "min": 0,
                    "max": 4,
                    "type": "minecraft:uniform"
                  }
                },
                {
                  "name": "armortoughness",
                  "attribute": "armor_toughness",
                  "operation": "add_value",
                  "slot": "offhand",
                  "amount": {
                    "min": 0,
                    "max": 3,
                    "type": "minecraft:uniform"
                  }
                },
                {
                  "name": "knockbackResistance",
                  "attribute": "knockback_resistance",
                  "operation": "add_value",
                  "slot": "offhand",
                  "amount": {
                    "min": 0,
                    "max": 0.3,
                    "type": "minecraft:uniform"
                  }
                },
                {
                  "name": "maxHealth",
                  "attribute": "max_health",
                  "operation": "add_value",
                  "slot": "offhand",
                  "amount": {
                    "min": 0,
                    "max": 4,
                    "type": "minecraft:uniform"
                  }
                },
                {
                  "name": "attackdamage",
                  "attribute": "attack_damage",
                  "operation": "add_value",
                  "slot": "offhand",
                  "amount": {
                    "min": 1,
                    "max": 3,
                    "type": "minecraft:uniform"
                  }
                },
                {
                  "name": "attackspeed",
                  "attribute": "attack_speed",
                  "operation": "add_value",
                  "slot": "offhand",
                  "amount": {
                    "min": 0,
                    "max": 0.1,
                    "type": "minecraft:uniform"
                  }
                },
                {
                  "name": "luck",
                  "attribute": "luck",
                  "operation": "add_value",
                  "slot": "offhand",
                  "amount": {
                    "min": 0,
                    "max": 0.5,
                    "type": "minecraft:uniform"
                  }
                }
              ]
            },
            {
              "function": "set_nbt",
              "tag": "{display:{Lore:['{\"text\":\"\"}','{\"text\":\"Legendary\",\"italic\":\"false\",\"color\":\"gold\"}','{\"text\":\"Offense is the best defense.\",\"italic\":\"true\",\"color\":\"dark_red\"}']}    }"
            },
            {
              "function": "minecraft:set_name",
              "name": {
                "text": "Schildschlag",
                "color": "gold"
              }
            },
            {
              "function": "set_nbt",
              "tag": "{Unbreakable:1}"
            },
            {
              "function": "set_nbt",
              "tag": "{Age:-32768}"
            }
          ]
        },
        {
          "type": "minecraft:item",
          "name": "minecraft:iron_hoe",
          "weight": 1,
          "quality": 3,
          "functions": [
            {
              "function": "set_attributes",
              "modifiers": [
                {
                  "name": "damage",
                  "attribute": "attack_damage",
                  "operation": "add_value",
                  "slot": "mainhand",
                  "amount": {
                    "min": 12,
                    "max": 16,
                    "type": "minecraft:uniform"
                  }
                },
                {
                  "name": "attackSpeed",
                  "attribute": "attack_speed",
                  "operation": "add_value",
                  "slot": "mainhand",
                  "amount": {
                    "min": -2.44,
                    "max": -2.15,
                    "type": "minecraft:uniform"
                  }
                },
                {
                  "name": "knockbackResistance",
                  "attribute": "knockback_resistance",
                  "operation": "add_value",
                  "slot": "mainhand",
                  "amount": {
                    "min": 0.1,
                    "max": 0.2,
                    "type": "minecraft:uniform"
                  }
                }
              ]
            },
            {
              "function": "set_nbt",
              "tag": "{display:{Lore:['{\"text\":\"\"}','{\"text\":\"Legendary\",\"italic\":\"false\",\"color\":\"gold\"}','{\"text\":\"Slayer of the Ethereal.\",\"italic\":\"true\",\"color\":\"dark_red\"}']}    }"
            },
            {
              "function": "minecraft:set_name",
              "name": {
                "text": "Scythe of the Harvester",
                "color": "dark_red"
              }
            },
            {
              "function": "set_nbt",
              "tag": "{Unbreakable:1}"
            },
            {
              "function": "set_nbt",
              "tag": "{Age:-32768}"
            }
          ]
        },
        {
          "type": "minecraft:item",
          "name": "minecraft:redstone_torch",
          "weight": 1,
          "quality": 2,
          "functions": [
            {
              "function": "minecraft:set_attributes",
              "modifiers": [
                {
                  "attribute": "minecraft:luck",
                  "name": "luck",
                  "amount": {
                    "min": 2,
                    "max": 4
                  },
                  "operation": "add_value",
                  "slot": "offhand"
                },
                {
                  "attribute": "minecraft:max_health",
                  "name": "maxhealth",
                  "amount": -0.4,
                  "operation": "multiply_base",
                  "slot": "offhand"
                }
              ]
            },
            {
              "function": "minecraft:set_name",
              "name": [
                {
                  "text": "Torch of darkness",
                  "color": "red"
                }
              ]
            },
            {
              "function": "minecraft:set_lore",
              "lore": [
                {
                  "text": "Legendary",
                  "color": "gold"
                },
                {
                  "text": "Terrors may indeed stalk these shadows, ",
                  "color": "yellow"
                },
                {
                  "text": "but yonder – a glint of gold.",
                  "color": "yellow"
                }
              ]
            }
          ]
        }
      ]
    },
    {
      "rolls": {
        "min": 2,
        "max": 10,
        "type": "minecraft:uniform"
      },
      "entries": [
        {
          "type": "minecraft:item",
          "weight": 10,
          "functions": [
            {
              "function": "minecraft:set_count",
              "count": {
                "min": 1,
                "max": 3,
                "type": "minecraft:uniform"
              }
            }
          ],
          "name": "minecraft:book"
        },
        {
          "type": "minecraft:item",
          "weight": 10,
          "functions": [
            {
              "function": "minecraft:set_count",
              "count": {
                "min": 2,
                "max": 7,
                "type": "minecraft:uniform"
              }
            }
          ],
          "name": "minecraft:paper"
        },
        {
          "type": "minecraft:item",
          "name": "minecraft:map"
        },
        {
          "type": "minecraft:item",
          "name": "minecraft:compass"
        },
        {
          "type": "minecraft:item",
          "weight": 10,
          "functions": [
            {
              "function": "minecraft:enchant_with_levels",
              "levels": 20,
              "treasure": true
            }
          ],
          "name": "minecraft:book"
        }
      ]
    }
  ]
}
