{
  "type": "minecraft:chest",
  "pools": [
    {
      "rolls": {
        "min": 35,
        "max": 45
      },
      "bonus_rolls": 1,
      "entries": [
        {
          "type": "minecraft:item",
          "name": "minecraft:experience_bottle"
        }
      ]
    },
    {
      "rolls": {
        "min": 12,
        "max": 16
      },
      "bonus_rolls": 2,
      "entries": [
        {
          "type": "minecraft:loot_table",
          "weight": 400,
          "quality": 1,
          "name": "rpgloot:rare_items"
        },
        {
          "type": "minecraft:loot_table",
          "weight": 100,
          "quality": 3,
          "name": "rpgloot:veryrare_items"
        },
        {
          "type": "minecraft:loot_table",
          "weight": 10,
          "quality": 5,
          "name": "rpgloot:legendary_items"
        },
        {
          "type": "minecraft:item",
          "weight": 8,
          "quality": 5,
          "name": "minecraft:iron_shovel",
          "functions": [
            {
              "function": "minecraft:set_attributes",
              "modifiers": [
                {
                  "attribute": "minecraft:attack_damage",
                  "name": "damage",
                  "amount": {
                    "min": 12,
                    "max": 16
                  },
                  "operation": "add_value",
                  "slot": "mainhand"
                },
                {
                  "attribute": "minecraft:attack_speed",
                  "name": "attackSpeed",
                  "amount": {
                    "min": -2.2,
                    "max": -1.6
                  },
                  "operation": "add_value",
                  "slot": "mainhand"
                }
              ]
            },
            {
              "function": "minecraft:set_nbt",
              "tag": "{display:{Lore:['{\"text\":\"\"}','{\"text\":\"Legendary\",\"italic\":\"false\",\"color\":\"gold\"}','{\"text\":\"Smells of human stew.\",\"italic\":\"true\",\"color\":\"red\"}']}    }"
            },
            {
              "function": "minecraft:set_name",
              "name": {
                "text": "Comically Large Spoon",
                "color": "red"
              }
            },
            {
              "function": "minecraft:set_nbt",
              "tag": "{Unbreakable:1}"
            },
            {
              "function": "minecraft:set_nbt",
              "tag": "{Age:-32768}"
            },
            {
              "function": "minecraft:enchant_randomly",
              "enchantments": [
                "minecraft:silk_touch",
                "minecraft:fortune"
              ]
            },
            {
              "function": "minecraft:set_nbt",
              "tag": "{Enchantments:[{id:efficiency,lvl:8}]}"
            }
          ]
        },
        {
          "type": "minecraft:item",
          "name": "minecraft:totem_of_undying",
          "weight": 8,
          "quality": 5,
          "functions": [
            {
              "function": "set_attributes",
              "modifiers": [
                {
                  "name": "maxhealth",
                  "attribute": "max_health",
                  "operation": "add_value",
                  "slot": "offhand",
                  "amount": {
                    "min": 3,
                    "max": 8,
                    "type": "minecraft:uniform"
                  }
                },
                {
                  "name": "luck",
                  "attribute": "luck",
                  "operation": "add_value",
                  "slot": "offhand",
                  "amount": {
                    "min": 0.5,
                    "max": 1,
                    "type": "minecraft:uniform"
                  }
                }
              ]
            },
            {
              "function": "set_nbt",
              "tag": "{display:{Lore:['{\"text\":\"\"}','{\"text\":\"Legendary\",\"italic\":\"false\",\"color\":\"gold\"}','{\"text\":\"The harp of the giant Blunderbore\",\"italic\":\"true\",\"color\":\"gray\"}','{\"text\":\"Ability: Regeneration I Aura (8 Blocks)\",\"italic\":\"false\",\"color\":\"gray\"}']}    }"
            },
            {
              "function": "minecraft:set_name",
              "name": {
                "text": "The Golden Harp",
                "color": "red"
              }
            },
            {
              "function": "set_nbt",
              "tag": "{regenerationaura:1}"
            },
            {
              "function": "set_nbt",
              "tag": "{Unbreakable:1}"
            },
            {
              "function": "set_nbt",
              "tag": "{Age:-32768}"
            }
          ]
        }
      ],
      "conditions": [
        {
          "condition": "minecraft:any_of",
          "terms": [
            {
              "condition": "minecraft:killed_by_player"
            }
          ]
        }
      ]
    }
  ]
}
