{
    "type": "minecraft:chest",
    "pools": [
        {
            "rolls": {
                "min": 14,
                "max": 16,
                "type": "minecraft:uniform"
            },
            "bonus_rolls": {
                "min": 0,
                "max": 1,
                "type": "minecraft:uniform"
            },
            "entries": [
                {
                    "type": "minecraft:item",
                    "weight": 3,
                    "quality": 1,
                    "functions": [
                        {
                            "function": "minecraft:set_count",
                            "count": {
                                "min": 1,
                                "max": 1,
                                "type": "minecraft:uniform"
                            }
                        }
                    ],
                    "name": "minecraft:experience_bottle"
                }
            ]
        },
        {
            "rolls": {
                "min": 4,
                "max": 6,
                "type": "minecraft:uniform"
            },
            "bonus_rolls": {
                "min": 0,
                "max": 1,
                "type": "minecraft:uniform"
            },
            "conditions": [
                {
                    "condition": "killed_by_player"
                }
            ],
            "entries": [
                {
                    "type": "minecraft:loot_table",
                    "name": "rpgloot:rare_items",
                    "weight": 400,
                    "quality": 1
                },
                {
                    "type": "minecraft:loot_table",
                    "name": "rpgloot:veryrare_items",
                    "weight": 100,
                    "quality": 3
                },
                {
                    "type": "minecraft:loot_table",
                    "name": "rpgloot:legendary_items",
                    "weight": 10,
                    "quality": 5
                },
                {
                    "type": "minecraft:item",
                    "name": "minecraft:diamond_boots",
                    "weight": 1,
                    "quality": 5,
                    "functions": [
                        {
                            "function": "set_attributes",
                            "modifiers": [
                                {
                                    "name": "armor",
                                    "attribute": "armor",
                                    "operation": "add_value",
                                    "slot": "feet",
                                    "amount": {
                                        "min": 3.3,
                                        "max": 3.9,
                                        "type": "minecraft:uniform"
                                    }
                                },
                                {
                                    "name": "toughness",
                                    "attribute": "armor_toughness",
                                    "operation": "add_value",
                                    "slot": "feet",
                                    "amount": {
                                        "min": 2.2,
                                        "max": 2.6,
                                        "type": "minecraft:uniform"
                                    }
                                },
                                {
                                    "name": "movementspeed",
                                    "attribute": "movement_speed",
                                    "operation": "multiply_base",
                                    "slot": "feet",
                                    "amount": {
                                        "min": -0.05,
                                        "max": -0.1,
                                        "type": "minecraft:uniform"
                                    }
                                },
                                {
                                    "name": "maxhealth",
                                    "attribute": "max_health",
                                    "operation": "add_value",
                                    "slot": "feet",
                                    "amount": {
                                        "min": 6,
                                        "max": 12,
                                        "type": "minecraft:uniform"
                                    }
                                },
                                {
                                    "name": "knockbackresistance",
                                    "attribute": "knockback_resistance",
                                    "operation": "add_value",
                                    "slot": "feet",
                                    "amount": {
                                        "min": 0,
                                        "max": 0.6,
                                        "type": "minecraft:uniform"
                                    }
                                },
                                {
                                    "name": "attackdamage",
                                    "attribute": "attack_damage",
                                    "operation": "add_value",
                                    "slot": "feet",
                                    "amount": {
                                        "min": 0,
                                        "max": 2,
                                        "type": "minecraft:uniform"
                                    }
                                },
                                {
                                    "name": "attackspeed",
                                    "attribute": "attack_speed",
                                    "operation": "add_value",
                                    "slot": "feet",
                                    "amount": {
                                        "min": 0,
                                        "max": 0.1,
                                        "type": "minecraft:uniform"
                                    }
                                },
                                {
                                    "name": "luck",
                                    "attribute": "luck",
                                    "operation": "add_value",
                                    "slot": "feet",
                                    "amount": {
                                        "min": 0,
                                        "max": 0.5,
                                        "type": "minecraft:uniform"
                                    }
                                }
                            ]
                        },
                        {
                            "function": "set_nbt",
                            "tag": "{display:{Lore:['{\"text\":\"\"}','{\"text\":\"Legendary\",\"italic\":\"false\",\"color\":\"gold\"}','{\"text\":\"Let your health double...\",\"italic\":\"true\",\"color\":\"gray\"}']}    }"
                        },
                        {
                            "function": "minecraft:set_name",
                            "name": {
                                "text": "Vitality",
                                "color": "gold"
                            }
                        },
                        {
                            "function": "set_nbt",
                            "tag": "{Unbreakable:1}"
                        },
                        {
                            "function": "set_nbt",
                            "tag": "{Age:-32768}"
                        },
                        {
                            "function": "enchant_with_levels",
                            "treasure": true,
                            "levels": {
                                "min": 40,
                                "max": 64,
                                "type": "minecraft:uniform"
                            }
                        }
                    ]
                },
                {
                    "type": "minecraft:item",
                    "name": "minecraft:diamond_sword",
                    "weight": 1,
                    "quality": 5,
                    "functions": [
                        {
                            "function": "set_attributes",
                            "modifiers": [
                                {
                                    "name": "damage",
                                    "attribute": "attack_damage",
                                    "operation": "add_value",
                                    "slot": "mainhand",
                                    "amount": {
                                        "min": 8.4,
                                        "max": 14,
                                        "type": "minecraft:uniform"
                                    }
                                },
                                {
                                    "name": "attackSpeed",
                                    "attribute": "attack_speed",
                                    "operation": "add_value",
                                    "slot": "mainhand",
                                    "amount": {
                                        "min": -2.08,
                                        "max": -1.6,
                                        "type": "minecraft:uniform"
                                    }
                                },
                                {
                                    "name": "armor",
                                    "attribute": "armor",
                                    "operation": "add_value",
                                    "slot": "mainhand",
                                    "amount": {
                                        "min": 1,
                                        "max": 2,
                                        "type": "minecraft:uniform"
                                    }
                                }
                            ]
                        },
                        {
                            "function": "set_nbt",
                            "tag": "{display:{Lore:['{\"text\":\"\"}','{\"text\":\"Legendary\",\"italic\":\"false\",\"color\":\"gold\"}','{\"text\":\"Sword with a guard that provides extra defense.\",\"italic\":\"true\",\"color\":\"gray\"}']}    }"
                        },
                        {
                            "function": "minecraft:set_name",
                            "name": {
                                "text": "Kriegsmesser of Dread",
                                "color": "gold"
                            }
                        },
                        {
                            "function": "set_nbt",
                            "tag": "{Unbreakable:1}"
                        },
                        {
                            "function": "set_nbt",
                            "tag": "{Age:-32768}"
                        },
                        {
                            "function": "enchant_with_levels",
                            "treasure": true,
                            "levels": {
                                "min": 10,
                                "max": 28,
                                "type": "minecraft:uniform"
                            }
                        }
                    ]
                },
                {
                    "type": "minecraft:item",
                    "name": "minecraft:diamond_leggings",
                    "weight": 1,
                    "quality": 5,
                    "functions": [
                        {
                            "function": "set_attributes",
                            "modifiers": [
                                {
                                    "name": "armor",
                                    "attribute": "armor",
                                    "operation": "add_value",
                                    "slot": "legs",
                                    "amount": {
                                        "min": 10.2,
                                        "max": 11.6,
                                        "type": "minecraft:uniform"
                                    }
                                },
                                {
                                    "name": "toughness",
                                    "attribute": "armor_toughness",
                                    "operation": "add_value",
                                    "slot": "legs",
                                    "amount": {
                                        "min": 3.4,
                                        "max": 4,
                                        "type": "minecraft:uniform"
                                    }
                                },
                                {
                                    "name": "movementspeed",
                                    "attribute": "movement_speed",
                                    "operation": "multiply_base",
                                    "slot": "legs",
                                    "amount": {
                                        "min": -0.1,
                                        "max": -0.15,
                                        "type": "minecraft:uniform"
                                    }
                                },
                                {
                                    "name": "maxhealth",
                                    "attribute": "max_health",
                                    "operation": "add_value",
                                    "slot": "legs",
                                    "amount": {
                                        "min": 0,
                                        "max": 8,
                                        "type": "minecraft:uniform"
                                    }
                                },
                                {
                                    "name": "knockbackresistance",
                                    "attribute": "knockback_resistance",
                                    "operation": "add_value",
                                    "slot": "legs",
                                    "amount": {
                                        "min": 0.1,
                                        "max": 0.7,
                                        "type": "minecraft:uniform"
                                    }
                                },
                                {
                                    "name": "attackdamage",
                                    "attribute": "attack_damage",
                                    "operation": "add_value",
                                    "slot": "legs",
                                    "amount": {
                                        "min": 1,
                                        "max": 3,
                                        "type": "minecraft:uniform"
                                    }
                                },
                                {
                                    "name": "luck",
                                    "attribute": "luck",
                                    "operation": "add_value",
                                    "slot": "legs",
                                    "amount": {
                                        "min": 0,
                                        "max": 0.5,
                                        "type": "minecraft:uniform"
                                    }
                                }
                            ]
                        },
                        {
                            "function": "set_nbt",
                            "tag": "{display:{Lore:['{\"text\":\"\"}','{\"text\":\"Legendary\",\"italic\":\"false\",\"color\":\"gold\"}','{\"text\":\"Heavy armor hewn from raw diamond.\",\"italic\":\"true\",\"color\":\"gray\"}']}    }"
                        },
                        {
                            "function": "minecraft:set_name",
                            "name": {
                                "text": "Cerulean Chitin",
                                "color": "gold"
                            }
                        },
                        {
                            "function": "enchant_with_levels",
                            "treasure": true,
                            "levels": {
                                "min": 40,
                                "max": 64,
                                "type": "minecraft:uniform"
                            }
                        }
                    ]
                }
            ]
        }
    ]
}
