{
  "type": "minecraft:chest",
  "pools": [
    {
      "rolls": {
        "min": 4,
        "max": 6,
        "type": "minecraft:uniform"
      },
      "bonus_rolls": {
        "min": 0,
        "max": 1,
        "type": "minecraft:uniform"
      },
      "entries": [
        {
          "type": "minecraft:item",
          "weight": 3,
          "quality": 1,
          "functions": [
            {
              "function": "minecraft:set_count",
              "count": {
                "min": 1,
                "max": 1,
                "type": "minecraft:uniform"
              }
            }
          ],
          "name": "minecraft:experience_bottle"
        }
      ]
    },
    {
      "rolls": {
        "min": 2,
        "max": 4,
        "type": "minecraft:uniform"
      },
      "bonus_rolls": {
        "min": 0,
        "max": 1,
        "type": "minecraft:uniform"
      },
      "conditions": [
        {
          "condition": "killed_by_player"
        }
      ],
      "entries": [
        {
          "type": "minecraft:loot_table",
          "name": "rpgloot:uncommon_items",
          "weight": 200,
          "quality": 0
        },
        {
          "type": "minecraft:loot_table",
          "name": "rpgloot:rare_items",
          "weight": 160,
          "quality": 1
        },
        {
          "type": "minecraft:loot_table",
          "name": "rpgloot:veryrare_items",
          "weight": 20,
          "quality": 2
        },
        {
          "type": "minecraft:loot_table",
          "name": "rpgloot:legendary_items",
          "weight": 1,
          "quality": 3
        }
      ]
    }
  ]
}
