{
    "type": "minecraft:chest",
    "pools": [
        {
            "rolls": {
                "min": 14,
                "max": 16,
                "type": "minecraft:uniform"
            },
            "bonus_rolls": {
                "min": 0,
                "max": 1,
                "type": "minecraft:uniform"
            },
            "entries": [
                {
                    "type": "minecraft:item",
                    "weight": 3,
                    "quality": 1,
                    "functions": [
                        {
                            "function": "minecraft:set_count",
                            "count": {
                                "min": 1,
                                "max": 1,
                                "type": "minecraft:uniform"
                            }
                        }
                    ],
                    "name": "minecraft:experience_bottle"
                }
            ]
        },
        {
            "rolls": {
                "min": 4,
                "max": 6,
                "type": "minecraft:uniform"
            },
            "bonus_rolls": {
                "min": 0,
                "max": 1,
                "type": "minecraft:uniform"
            },
            "conditions": [
                {
                    "condition": "killed_by_player"
                }
            ],
            "entries": [
                {
                    "type": "minecraft:loot_table",
                    "name": "rpgloot:rare_items",
                    "weight": 400,
                    "quality": 1
                },
                {
                    "type": "minecraft:loot_table",
                    "name": "rpgloot:veryrare_items",
                    "weight": 100,
                    "quality": 3
                },
                {
                    "type": "minecraft:loot_table",
                    "name": "rpgloot:legendary_items",
                    "weight": 10,
                    "quality": 5
                },
                {
                    "type": "minecraft:item",
                    "name": "minecraft:netherite_sword",
                    "weight": 1,
                    "quality": 5,
                    "functions": [
                        {
                            "function": "set_attributes",
                            "modifiers": [
                                {
                                    "name": "damage",
                                    "attribute": "attack_damage",
                                    "operation": "add_value",
                                    "slot": "mainhand",
                                    "amount": {
                                        "min": 8.4,
                                        "max": 14,
                                        "type": "minecraft:uniform"
                                    }
                                },
                                {
                                    "name": "attackSpeed",
                                    "attribute": "attack_speed",
                                    "operation": "add_value",
                                    "slot": "mainhand",
                                    "amount": {
                                        "min": -2.08,
                                        "max": -1.6,
                                        "type": "minecraft:uniform"
                                    }
                                },
                                {
                                    "name": "toughness",
                                    "attribute": "armor_toughness",
                                    "operation": "add_value",
                                    "slot": "mainhand",
                                    "amount": {
                                        "min": 2,
                                        "max": 4,
                                        "type": "minecraft:uniform"
                                    }
                                }
                            ]
                        },
                        {
                            "function": "set_nbt",
                            "tag": "{display:{Lore:['{\"text\":\"\"}','{\"text\":\"A blade left behind in a land that no longer exists.\",\"obfuscated\":\"true\",\"color\":\"gold\"}']}    }"
                        },
                        {
                            "function": "minecraft:set_name",
                            "name": {
                                "text": "Forgotten Blade",
                                "color": "gold"
                            }
                        },
                        {
                            "function": "set_nbt",
                            "tag": "{Unbreakable:1}"
                        },
                        {
                            "function": "set_nbt",
                            "tag": "{Age:-32768}"
                        },
                        {
                            "function": "enchant_with_levels",
                            "treasure": true,
                            "levels": {
                                "min": 10,
                                "max": 28,
                                "type": "minecraft:uniform"
                            }
                        }
                    ]
                }
            ]
        }
    ]
}
