{
    "type": "minecraft:chest",
    "pools": [
        {
            "rolls": {
                "min": 14,
                "max": 16,
                "type": "minecraft:uniform"
            },
            "bonus_rolls": {
                "min": 0,
                "max": 1,
                "type": "minecraft:uniform"
            },
            "entries": [
                {
                    "type": "minecraft:item",
                    "weight": 3,
                    "quality": 1,
                    "functions": [
                        {
                            "function": "minecraft:set_count",
                            "count": {
                                "min": 1,
                                "max": 1,
                                "type": "minecraft:uniform"
                            }
                        }
                    ],
                    "name": "minecraft:experience_bottle"
                }
            ]
        },
        {
            "rolls": {
                "min": 4,
                "max": 6,
                "type": "minecraft:uniform"
            },
            "bonus_rolls": {
                "min": 0,
                "max": 1,
                "type": "minecraft:uniform"
            },
            "entries": [
                {
                    "type": "minecraft:loot_table",
                    "name": "rpgloot:rare_items",
                    "weight": 400,
                    "quality": 1
                },
                {
                    "type": "minecraft:loot_table",
                    "name": "rpgloot:veryrare_items",
                    "weight": 100,
                    "quality": 3
                },
                {
                    "type": "minecraft:loot_table",
                    "name": "rpgloot:legendary_items",
                    "weight": 10,
                    "quality": 5
                },
                {
                    "type": "minecraft:item",
                    "name": "minecraft:netherite_helmet",
                    "weight": 1,
                    "quality": 5,
                    "functions": [
                        {
                            "function": "set_attributes",
                            "modifiers": [
                                {
                                    "name": "armor",
                                    "attribute": "armor",
                                    "operation": "add_value",
                                    "slot": "head",
                                    "amount": {
                                        "min": 4.6,
                                        "max": 5.5,
                                        "type": "minecraft:uniform"
                                    }
                                },
                                {
                                    "name": "toughness",
                                    "attribute": "armor_toughness",
                                    "operation": "add_value",
                                    "slot": "head",
                                    "amount": {
                                        "min": 4.6,
                                        "max": 5.5,
                                        "type": "minecraft:uniform"
                                    }
                                },
                                {
                                    "name": "maxhealth",
                                    "attribute": "max_health",
                                    "operation": "add_value",
                                    "slot": "head",
                                    "amount": {
                                        "min": 6,
                                        "max": 12,
                                        "type": "minecraft:uniform"
                                    }
                                },
                                {
                                    "name": "knockbackresistance",
                                    "attribute": "knockback_resistance",
                                    "operation": "add_value",
                                    "slot": "head",
                                    "amount": {
                                        "min": 0.32,
                                        "max": 0.42,
                                        "type": "minecraft:uniform"
                                    }
                                },
                                {
                                    "name": "luck",
                                    "attribute": "luck",
                                    "operation": "add_value",
                                    "slot": "head",
                                    "amount": {
                                        "min": 0,
                                        "max": 0.5,
                                        "type": "minecraft:uniform"
                                    }
                                }
                            ]
                        },
                        {
                            "function": "set_nbt",
                            "tag": "{display:{Lore:['{\"text\":\"\"}','{\"text\":\"Legendary\",\"italic\":\"false\",\"color\":\"gold\"}','{\"text\":\"Stained with the blood of ancient inmates.\",\"italic\":\"true\",\"color\":\"gray\"}']}    }"
                        },
                        {
                            "function": "minecraft:set_name",
                            "name": {
                                "text": "Warden's Barbute",
                                "color": "dark_gray"
                            }
                        },
                        {
                            "function": "set_nbt",
                            "tag": "{Unbreakable:1}"
                        },
                        {
                            "function": "set_nbt",
                            "tag": "{Age:-32768}"
                        }
                    ]
                },
                {
                    "type": "minecraft:item",
                    "name": "minecraft:netherite_shovel",
                    "weight": 1,
                    "quality": 5,
                    "functions": [
                        {
                            "function": "set_attributes",
                            "modifiers": [
                                {
                                    "name": "damage",
                                    "attribute": "attack_damage",
                                    "operation": "add_value",
                                    "slot": "mainhand",
                                    "amount": {
                                        "min": 12,
                                        "max": 17,
                                        "type": "minecraft:uniform"
                                    }
                                },
                                {
                                    "name": "attackSpeed",
                                    "attribute": "attack_speed",
                                    "operation": "add_value",
                                    "slot": "mainhand",
                                    "amount": {
                                        "min": -3.38,
                                        "max": -2.9,
                                        "type": "minecraft:uniform"
                                    }
                                },
                                {
                                    "name": "toughness",
                                    "attribute": "armor_toughness",
                                    "operation": "add_value",
                                    "slot": "mainhand",
                                    "amount": {
                                        "min": 2,
                                        "max": 4,
                                        "type": "minecraft:uniform"
                                    }
                                },
                                {
                                    "name": "attackKnockback",
                                    "attribute": "attack_knockback",
                                    "operation": "add_value",
                                    "slot": "mainhand",
                                    "amount": {
                                        "min": 2,
                                        "max": 4,
                                        "type": "minecraft:uniform"
                                    }
                                }
                            ]
                        },
                        {
                            "function": "set_nbt",
                            "tag": "{display:{Lore:['{\"text\":\"\"}','{\"text\":\"Legendary\",\"italic\":\"false\",\"color\":\"gold\"}','{\"text\":\"Stained with the blood of ancient inmates.\",\"italic\":\"true\",\"color\":\"gray\"}']}    }"
                        },
                        {
                            "function": "minecraft:set_name",
                            "name": {
                                "text": "Cudgel of Discipline",
                                "color": "dark_gray"
                            }
                        },
                        {
                            "function": "set_nbt",
                            "tag": "{Unbreakable:1}"
                        },
                        {
                            "function": "set_nbt",
                            "tag": "{Age:-32768}"
                        },
                        {
                            "function": "enchant_with_levels",
                            "treasure": true,
                            "levels": {
                                "min": 10,
                                "max": 28,
                                "type": "minecraft:uniform"
                            }
                        }
                    ]
                },
                {
                    "type": "minecraft:item",
                    "name": "minecraft:netherite_sword",
                    "weight": 1000,
                    "quality": 5,
                    "functions": [
                        {
                            "function": "set_attributes",
                            "modifiers": [
                                {
                                    "name": "damage",
                                    "attribute": "attack_damage",
                                    "operation": "add_value",
                                    "slot": "mainhand",
                                    "amount": {
                                        "min": 9.4,
                                        "max": 15,
                                        "type": "minecraft:uniform"
                                    }
                                },
                                {
                                    "name": "attackSpeed",
                                    "attribute": "attack_speed",
                                    "operation": "add_value",
                                    "slot": "mainhand",
                                    "amount": {
                                        "min": -2.08,
                                        "max": -1.6,
                                        "type": "minecraft:uniform"
                                    }
                                }
                            ]
                        },
                        {
                            "function": "set_nbt",
                            "tag": "{display:{Lore:['{\"text\":\"\"}','{\"text\":\"Legendary\",\"italic\":\"false\",\"color\":\"gold\"}','{\"text\":\"Ability: Life Steal\",\"italic\":\"true\",\"color\":\"gray\"}','{\"text\":\"For every life cut short, another continues.\",\"italic\":\"true\",\"color\":\"gray\"}']}    }"
                        },
                        {
                            "function": "minecraft:set_name",
                            "name": {
                                "text": "Vampiric Cutlass",
                                "color": "dark_gray"
                            }
                        },
                        {
                            "function": "set_nbt",
                            "tag": "{Unbreakable:1}"
                        },
                        {
                            "function": "set_nbt",
                            "tag": "{lifesteal:1b}"
                        },
                        {
                            "function": "set_nbt",
                            "tag": "{Age:-32768}"
                        },
                        {
                            "function": "enchant_with_levels",
                            "treasure": true,
                            "levels": {
                                "min": 30,
                                "max": 64,
                                "type": "minecraft:uniform"
                            }
                        }
                    ]
                }
            ]
        }
    ]
}
