{
    "type": "minecraft:chest",
    "pools": [
        {
            "rolls": {
                "min": 1,
                "max": 4,
                "type": "minecraft:uniform"
            },
            "bonus_rolls": {
                "min": 0,
                "max": 1,
                "type": "minecraft:uniform"
            },
            "entries": [
                {
                    "type": "minecraft:item",
                    "weight": 3,
                    "quality": 1,
                    "functions": [
                        {
                            "function": "minecraft:set_count",
                            "count": {
                                "min": 1,
                                "max": 1,
                                "type": "minecraft:uniform"
                            }
                        }
                    ],
                    "name": "minecraft:experience_bottle"
                }
            ]
        },
        {
            "rolls": {
                "min": 2,
                "max": 3,
                "type": "minecraft:uniform"
            },
            "bonus_rolls": {
                "min": 0,
                "max": 1,
                "type": "minecraft:uniform"
            },
            "conditions": [
                {
                    "condition": "killed_by_player"
                }
            ],
            "entries": [
                {
                    "type": "minecraft:loot_table",
                    "name": "rpgloot:uncommon_items",
                    "weight": 1000,
                    "quality": 0
                },
                {
                    "type": "minecraft:loot_table",
                    "name": "rpgloot:rare_items",
                    "weight": 400,
                    "quality": 1
                },
                {
                    "type": "minecraft:loot_table",
                    "name": "rpgloot:veryrare_items",
                    "weight": 100,
                    "quality": 3
                },
                {
                    "type": "minecraft:loot_table",
                    "name": "rpgloot:legendary_items",
                    "weight": 10,
                    "quality": 5
                },
                {
                    "type": "minecraft:item",
                    "name": "minecraft:iron_boots",
                    "weight": 1,
                    "quality": 5,
                    "functions": [
                        {
                            "function": "set_attributes",
                            "modifiers": [
                                {
                                    "name": "armor",
                                    "attribute": "armor",
                                    "operation": "add_value",
                                    "slot": "feet",
                                    "amount": {
                                        "min": 2.4,
                                        "max": 3,
                                        "type": "minecraft:uniform"
                                    }
                                },
                                {
                                    "name": "toughness",
                                    "attribute": "armor_toughness",
                                    "operation": "add_value",
                                    "slot": "feet",
                                    "amount": {
                                        "min": 0,
                                        "max": 2,
                                        "type": "minecraft:uniform"
                                    }
                                },
                                {
                                    "name": "movementspeed",
                                    "attribute": "movement_speed",
                                    "operation": "multiply_base",
                                    "slot": "feet",
                                    "amount": {
                                        "min": 0,
                                        "max": 0.1,
                                        "type": "minecraft:uniform"
                                    }
                                },
                                {
                                    "name": "maxhealth",
                                    "attribute": "max_health",
                                    "operation": "add_value",
                                    "slot": "feet",
                                    "amount": {
                                        "min": 0,
                                        "max": 8,
                                        "type": "minecraft:uniform"
                                    }
                                },
                                {
                                    "name": "knockbackresistance",
                                    "attribute": "knockback_resistance",
                                    "operation": "add_value",
                                    "slot": "feet",
                                    "amount": {
                                        "min": 0,
                                        "max": 1,
                                        "type": "minecraft:uniform"
                                    }
                                },
                                {
                                    "name": "attackdamage",
                                    "attribute": "attack_damage",
                                    "operation": "add_value",
                                    "slot": "feet",
                                    "amount": {
                                        "min": 0,
                                        "max": 2,
                                        "type": "minecraft:uniform"
                                    }
                                },
                                {
                                    "name": "attackspeed",
                                    "attribute": "attack_speed",
                                    "operation": "add_value",
                                    "slot": "feet",
                                    "amount": {
                                        "min": 0,
                                        "max": 0.1,
                                        "type": "minecraft:uniform"
                                    }
                                },
                                {
                                    "name": "luck",
                                    "attribute": "luck",
                                    "operation": "add_value",
                                    "slot": "feet",
                                    "amount": {
                                        "min": 0,
                                        "max": 0.5,
                                        "type": "minecraft:uniform"
                                    }
                                }
                            ]
                        },
                        {
                            "function": "set_nbt",
                            "tag": "{display:{Lore:['{\"text\":\"\"}','{\"text\":\"Legendary\",\"italic\":\"false\",\"color\":\"gold\"}','{\"text\":\"Do a flip!\",\"italic\":\"true\",\"color\":\"white\"}']}    }"
                        },
                        {
                            "function": "minecraft:set_name",
                            "name": {
                                "text": "Nárazu",
                                "color": "gold"
                            }
                        },
                        {
                            "function": "set_nbt",
                            "tag": "{Unbreakable:1}"
                        },
                        {
                            "function": "set_nbt",
                            "tag": "{Age:-32768}"
                        },
                        {
                            "function": "set_nbt",
                            "tag": "{Enchantments:[{id:feather_falling,lvl:10}]}"
                        },
                        {
                            "function": "enchant_with_levels",
                            "treasure": true,
                            "levels": {
                                "min": 45,
                                "max": 64,
                                "type": "minecraft:uniform"
                            }
                        }
                    ]
                },
                {
                    "type": "minecraft:item",
                    "name": "minecraft:phantom_membrane",
                    "weight": 1,
                    "quality": 5,
                    "functions": [
                        {
                            "function": "set_attributes",
                            "modifiers": [
                                {
                                    "name": "damage",
                                    "attribute": "attack_damage",
                                    "operation": "add_value",
                                    "slot": "offhand",
                                    "amount": {
                                        "min": 6,
                                        "max": 10,
                                        "type": "minecraft:uniform"
                                    }
                                },
                                {
                                    "name": "armor",
                                    "attribute": "armor",
                                    "operation": "add_value",
                                    "slot": "offhand",
                                    "amount": {
                                        "min": 4,
                                        "max": 8,
                                        "type": "minecraft:uniform"
                                    }
                                },
                                {
                                    "name": "toughness",
                                    "attribute": "armor_toughness",
                                    "operation": "add_value",
                                    "slot": "offhand",
                                    "amount": {
                                        "min": 2,
                                        "max": 6,
                                        "type": "minecraft:uniform"
                                    }
                                },
                                {
                                    "name": "luck",
                                    "attribute": "luck",
                                    "operation": "add_value",
                                    "slot": "offhand",
                                    "amount": {
                                        "min": 1,
                                        "max": 2,
                                        "type": "minecraft:uniform"
                                    }
                                },
                                {
                                    "name": "maxhealth",
                                    "attribute": "max_health",
                                    "operation": "multiply_base",
                                    "slot": "offhand",
                                    "amount": {
                                        "min": -0.5,
                                        "max": -0.5,
                                        "type": "minecraft:uniform"
                                    }
                                }
                            ]
                        },
                        {
                            "function": "set_nbt",
                            "tag": "{display:{Lore:['{\"text\":\"\"}','{\"text\":\"Legendary\",\"italic\":\"false\",\"color\":\"gold\"}','{\"text\":\"Some scars never fade.\",\"italic\":\"true\",\"color\":\"dark_gray\"}']}    }"
                        },
                        {
                            "function": "minecraft:set_name",
                            "name": {
                                "text": "Plague Sore",
                                "color": "dark_gray"
                            }
                        }
                    ]
                },
                {
                    "type": "minecraft:item",
                    "name": "minecraft:wooden_sword",
                    "weight": 1,
                    "quality": 5,
                    "functions": [
                        {
                            "function": "set_attributes",
                            "modifiers": [
                                {
                                    "name": "damage",
                                    "attribute": "attack_damage",
                                    "operation": "add_value",
                                    "slot": "mainhand",
                                    "amount": {
                                        "min": 5.5,
                                        "max": 7,
                                        "type": "minecraft:uniform"
                                    }
                                },
                                {
                                    "name": "attackSpeed",
                                    "attribute": "attack_speed",
                                    "operation": "add_value",
                                    "slot": "mainhand",
                                    "amount": {
                                        "min": -2,
                                        "max": -1.2,
                                        "type": "minecraft:uniform"
                                    }
                                }
                            ]
                        },
                        {
                            "function": "set_nbt",
                            "tag": "{display:{Lore:['{\"text\":\"\"}','{\"text\":\"Legendary\",\"italic\":\"false\",\"color\":\"gold\"}','{\"text\":\"Batter up, b**** boy!\",\"italic\":\"true\",\"color\":\"dark_red\"}']}    }"
                        },
                        {
                            "function": "minecraft:set_name",
                            "name": {
                                "text": "Home Run",
                                "color": "gold"
                            }
                        },
                        {
                            "function": "set_nbt",
                            "tag": "{Unbreakable:1}"
                        },
                        {
                            "function": "set_nbt",
                            "tag": "{Age:-32768}"
                        },
                        {
                            "function": "set_nbt",
                            "tag": "{Enchantments:[{id:knockback,lvl:10}]}"
                        },
                        {
                            "function": "enchant_with_levels",
                            "treasure": true,
                            "levels": {
                                "min": 45,
                                "max": 64,
                                "type": "minecraft:uniform"
                            }
                        }
                    ]
                }
            ]
        }
    ]
}
