{
    "type": "minecraft:chest",
    "pools": [
        {
            "rolls": {
                "min": 14,
                "max": 16,
                "type": "minecraft:uniform"
            },
            "bonus_rolls": {
                "min": 0,
                "max": 1,
                "type": "minecraft:uniform"
            },
            "entries": [
                {
                    "type": "minecraft:item",
                    "weight": 3,
                    "quality": 1,
                    "functions": [
                        {
                            "function": "minecraft:set_count",
                            "count": {
                                "min": 1,
                                "max": 1,
                                "type": "minecraft:uniform"
                            }
                        }
                    ],
                    "name": "minecraft:experience_bottle"
                }
            ]
        },
        {
            "rolls": {
                "min": 4,
                "max": 6,
                "type": "minecraft:uniform"
            },
            "bonus_rolls": {
                "min": 0,
                "max": 1,
                "type": "minecraft:uniform"
            },
            "conditions": [
                {
                    "condition": "killed_by_player"
                }
            ],
            "entries": [
                {
                    "type": "minecraft:loot_table",
                    "name": "rpgloot:rare_items",
                    "weight": 400,
                    "quality": 1
                },
                {
                    "type": "minecraft:loot_table",
                    "name": "rpgloot:veryrare_items",
                    "weight": 100,
                    "quality": 3
                },
                {
                    "type": "minecraft:loot_table",
                    "name": "rpgloot:legendary_items",
                    "weight": 10,
                    "quality": 5
                },
                {
                    "type": "minecraft:item",
                    "name": "minecraft:wither_skeleton_skull",
                    "weight": 1,
                    "quality": 5,
                    "functions": [
                        {
                            "function": "set_attributes",
                            "modifiers": [
                                {
                                    "name": "armor",
                                    "attribute": "armor",
                                    "operation": "add_value",
                                    "slot": "head",
                                    "amount": {
                                        "min": 1.2,
                                        "max": 1.5,
                                        "type": "minecraft:uniform"
                                    }
                                },
                                {
                                    "name": "movementspeed",
                                    "attribute": "movement_speed",
                                    "operation": "multiply_base",
                                    "slot": "head",
                                    "amount": {
                                        "min": 0.05,
                                        "max": 0.15,
                                        "type": "minecraft:uniform"
                                    }
                                },
                                {
                                    "name": "maxhealth",
                                    "attribute": "max_health",
                                    "operation": "add_value",
                                    "slot": "head",
                                    "amount": {
                                        "min": 1,
                                        "max": 4,
                                        "type": "minecraft:uniform"
                                    }
                                },
                                {
                                    "name": "attackdamage",
                                    "attribute": "attack_damage",
                                    "operation": "add_value",
                                    "slot": "head",
                                    "amount": {
                                        "min": 0,
                                        "max": 2,
                                        "type": "minecraft:uniform"
                                    }
                                },
                                {
                                    "name": "attackspeed",
                                    "attribute": "attack_speed",
                                    "operation": "add_value",
                                    "slot": "head",
                                    "amount": {
                                        "min": 0,
                                        "max": 0.2,
                                        "type": "minecraft:uniform"
                                    }
                                },
                                {
                                    "name": "luck",
                                    "attribute": "luck",
                                    "operation": "add_value",
                                    "slot": "head",
                                    "amount": {
                                        "min": 0.5,
                                        "max": 1,
                                        "type": "minecraft:uniform"
                                    }
                                }
                            ]
                        },
                        {
                            "function": "set_nbt",
                            "tag": "{display:{Lore:['{\"text\":\"\"}','{\"text\":\"Legendary\",\"italic\":\"false\",\"color\":\"gold\"}','{\"text\":\"May it clear your mind.\",\"italic\":\"true\",\"color\":\"gray\"}','{\"text\":\"Ability: Resistant to Wither effect.\",\"italic\":\"false\",\"color\":\"gray\"}']}    }"
                        },
                        {
                            "function": "minecraft:set_name",
                            "name": {
                                "text": "Lucidity",
                                "color": "dark_gray"
                            }
                        },
                        {
                            "function": "set_nbt",
                            "tag": "{lucidity:1}"
                        },
                        {
                            "function": "set_nbt",
                            "tag": "{Unbreakable:1}"
                        },
                        {
                            "function": "set_nbt",
                            "tag": "{Age:-32768}"
                        }
                    ]
                },
                {
                    "type": "minecraft:item",
                    "name": "minecraft:bow",
                    "weight": 1,
                    "quality": 5,
                    "functions": [
                        {
                            "function": "set_nbt",
                            "tag": "{display:{Lore:['{\"text\":\"\"}','{\"text\":\"Legendary\",\"italic\":\"false\",\"color\":\"gold\"}','{\"text\":\"Like a dagger in the wind...\",\"italic\":\"true\",\"color\":\"gray\"}','{\"text\":\"Ability: Floating Arrows.\",\"italic\":\"false\",\"color\":\"gray\"}']}    }"
                        },
                        {
                            "function": "set_attributes",
                            "modifiers": [
                                {
                                    "name": "movementspeed",
                                    "attribute": "movement_speed",
                                    "operation": "multiply_base",
                                    "slot": "mainhand",
                                    "amount": {
                                        "min": 0.1,
                                        "max": 0.2,
                                        "type": "minecraft:uniform"
                                    }
                                }
                            ]
                        },
                        {
                            "function": "minecraft:set_name",
                            "name": {
                                "text": "Assassin",
                                "color": "dark_gray"
                            }
                        },
                        {
                            "function": "set_nbt",
                            "tag": "{Bill:3b}"
                        },
                        {
                            "function": "set_nbt",
                            "tag": "{Unbreakable:1}"
                        },
                        {
                            "function": "set_nbt",
                            "tag": "{Age:-32768}"
                        },
                        {
                            "function": "enchant_with_levels",
                            "treasure": true,
                            "levels": {
                                "min": 40,
                                "max": 64,
                                "type": "minecraft:uniform"
                            }
                        }
                    ]
                }
            ]
        }
    ]
}
