{
    "type": "minecraft:chest",
    "pools": [
        {
            "rolls": {
                "min": 25,
                "max": 35,
                "type": "minecraft:uniform"
            },
            "bonus_rolls": {
                "min": 0,
                "max": 1,
                "type": "minecraft:uniform"
            },
            "entries": [
                {
                    "type": "minecraft:item",
                    "weight": 3,
                    "quality": 1,
                    "functions": [
                        {
                            "function": "minecraft:set_count",
                            "count": {
                                "min": 1,
                                "max": 1,
                                "type": "minecraft:uniform"
                            }
                        }
                    ],
                    "name": "minecraft:experience_bottle"
                }
            ]
        },
        {
            "rolls": {
                "min": 12,
                "max": 16,
                "type": "minecraft:uniform"
            },
            "bonus_rolls": {
                "min": 0,
                "max": 1,
                "type": "minecraft:uniform"
            },
            "conditions": [
                {
                    "condition": "killed_by_player"
                }
            ],
            "entries": [
                {
                    "type": "minecraft:loot_table",
                    "name": "rpgloot:rare_items",
                    "weight": 400,
                    "quality": 1
                },
                {
                    "type": "minecraft:loot_table",
                    "name": "rpgloot:veryrare_items",
                    "weight": 100,
                    "quality": 3
                },
                {
                    "type": "minecraft:loot_table",
                    "name": "rpgloot:legendary_items",
                    "weight": 10,
                    "quality": 5
                },
                {
                    "type": "minecraft:item",
                    "name": "minecraft:trident",
                    "weight": 1,
                    "quality": 5,
                    "functions": [
                        {
                            "function": "set_attributes",
                            "modifiers": [
                                {
                                    "name": "damage",
                                    "attribute": "attack_damage",
                                    "operation": "add_value",
                                    "slot": "mainhand",
                                    "amount": {
                                        "min": 9,
                                        "max": 12,
                                        "type": "minecraft:uniform"
                                    }
                                },
                                {
                                    "name": "attackSpeed",
                                    "attribute": "attack_speed",
                                    "operation": "add_value",
                                    "slot": "mainhand",
                                    "amount": {
                                        "min": -2.68,
                                        "max": -2.35,
                                        "type": "minecraft:uniform"
                                    }
                                }
                            ]
                        },
                        {
                            "function": "set_nbt",
                            "tag": "{display:{Lore:['{\"text\":\"\"}','{\"text\":\"Legendary\",\"italic\":\"false\",\"color\":\"gold\"}','{\"text\":\"Of sharp iron and powerful magic.\",\"italic\":\"true\",\"color\":\"gray\"}']}    }"
                        },
                        {
                            "function": "minecraft:set_name",
                            "name": {
                                "text": "Wrath of the Gods",
                                "color": "gold"
                            }
                        },
                        {
                            "function": "set_nbt",
                            "tag": "{lightningTrident:1b}"
                        },
                        {
                            "function": "set_nbt",
                            "tag": "{Unbreakable:1}"
                        },
                        {
                            "function": "set_nbt",
                            "tag": "{Age:-32768}"
                        },
                        {
                            "function": "enchant_with_levels",
                            "treasure": true,
                            "levels": {
                                "min": 40,
                                "max": 64,
                                "type": "minecraft:uniform"
                            }
                        }
                    ]
                },
                {
                    "type": "minecraft:item",
                    "name": "minecraft:chainmail_helmet",
                    "weight": 1,
                    "quality": 5,
                    "functions": [
                        {
                            "function": "set_attributes",
                            "modifiers": [
                                {
                                    "name": "armor",
                                    "attribute": "armor",
                                    "operation": "add_value",
                                    "slot": "head",
                                    "amount": {
                                        "min": 2.4,
                                        "max": 3,
                                        "type": "minecraft:uniform"
                                    }
                                },
                                {
                                    "name": "toughness",
                                    "attribute": "armor_toughness",
                                    "operation": "add_value",
                                    "slot": "head",
                                    "amount": {
                                        "min": 0,
                                        "max": 2,
                                        "type": "minecraft:uniform"
                                    }
                                },
                                {
                                    "name": "movementspeed",
                                    "attribute": "movement_speed",
                                    "operation": "multiply_base",
                                    "slot": "head",
                                    "amount": {
                                        "min": 0,
                                        "max": 0.15,
                                        "type": "minecraft:uniform"
                                    }
                                },
                                {
                                    "name": "maxhealth",
                                    "attribute": "max_health",
                                    "operation": "add_value",
                                    "slot": "head",
                                    "amount": {
                                        "min": 3,
                                        "max": 12,
                                        "type": "minecraft:uniform"
                                    }
                                },
                                {
                                    "name": "knockbackresistance",
                                    "attribute": "knockback_resistance",
                                    "operation": "add_value",
                                    "slot": "head",
                                    "amount": {
                                        "min": 0,
                                        "max": 0.3,
                                        "type": "minecraft:uniform"
                                    }
                                },
                                {
                                    "name": "attackdamage",
                                    "attribute": "attack_damage",
                                    "operation": "add_value",
                                    "slot": "head",
                                    "amount": {
                                        "min": 0,
                                        "max": 2,
                                        "type": "minecraft:uniform"
                                    }
                                }
                            ]
                        },
                        {
                            "function": "set_nbt",
                            "tag": "{display:{Lore:['{\"text\":\"\"}','{\"text\":\"Legendary\",\"italic\":\"false\",\"color\":\"gold\"}']}    }"
                        },
                        {
                            "function": "minecraft:set_name",
                            "name": {
                                "text": "Krános tis thálassas",
                                "color": "gold"
                            }
                        },
                        {
                            "function": "set_nbt",
                            "tag": "{display:{Lore:['{\"text\":\"\"}','{\"text\":\"Legendary\",\"italic\":\"false\",\"color\":\"gold\"}','{\"text\":\"Helmet used by the Knights of Poseidon.\",\"italic\":\"true\",\"color\":\"gray\"}','{\"text\":\"Ability: Water Breathing I\",\"italic\":\"false\",\"color\":\"gray\"}']}    }"
                        },
                        {
                            "function": "set_nbt",
                            "tag": "{waterbreathing:1}"
                        },
                        {
                            "function": "set_nbt",
                            "tag": "{Unbreakable:1}"
                        },
                        {
                            "function": "set_nbt",
                            "tag": "{Age:-32768}"
                        },
                        {
                            "function": "enchant_with_levels",
                            "treasure": true,
                            "levels": {
                                "min": 40,
                                "max": 64,
                                "type": "minecraft:uniform"
                            }
                        }
                    ]
                },
                {
                    "type": "minecraft:item",
                    "name": "minecraft:diamond_chestplate",
                    "weight": 1,
                    "quality": 5,
                    "functions": [
                        {
                            "function": "set_attributes",
                            "modifiers": [
                                {
                                    "name": "armor",
                                    "attribute": "armor",
                                    "operation": "add_value",
                                    "slot": "chest",
                                    "amount": {
                                        "min": 9.6,
                                        "max": 12,
                                        "type": "minecraft:uniform"
                                    }
                                },
                                {
                                    "name": "toughness",
                                    "attribute": "armor_toughness",
                                    "operation": "add_value",
                                    "slot": "chest",
                                    "amount": {
                                        "min": 2.4,
                                        "max": 3,
                                        "type": "minecraft:uniform"
                                    }
                                },
                                {
                                    "name": "maxhealth",
                                    "attribute": "max_health",
                                    "operation": "add_value",
                                    "slot": "chest",
                                    "amount": {
                                        "min": 0,
                                        "max": 8,
                                        "type": "minecraft:uniform"
                                    }
                                },
                                {
                                    "name": "knockbackresistance",
                                    "attribute": "knockback_resistance",
                                    "operation": "add_value",
                                    "slot": "chest",
                                    "amount": {
                                        "min": 0,
                                        "max": 0.6,
                                        "type": "minecraft:uniform"
                                    }
                                },
                                {
                                    "name": "attackdamage",
                                    "attribute": "attack_damage",
                                    "operation": "add_value",
                                    "slot": "chest",
                                    "amount": {
                                        "min": 0,
                                        "max": 2,
                                        "type": "minecraft:uniform"
                                    }
                                },
                                {
                                    "name": "luck",
                                    "attribute": "luck",
                                    "operation": "add_value",
                                    "slot": "chest",
                                    "amount": {
                                        "min": 0,
                                        "max": 0.5,
                                        "type": "minecraft:uniform"
                                    }
                                }
                            ]
                        },
                        {
                            "function": "set_nbt",
                            "tag": "{display:{Lore:['{\"text\":\"\"}','{\"text\":\"Legendary\",\"italic\":\"false\",\"color\":\"gold\"}','{\"text\":\"The breastplate of a true hero.\",\"italic\":\"true\",\"color\":\"gray\"}','{\"text\":\"Ability: Regeneration I Aura (8 Blocks)\",\"italic\":\"false\",\"color\":\"gray\"}']}    }"
                        },
                        {
                            "function": "minecraft:set_name",
                            "name": {
                                "text": "Ηγεthία",
                                "color": "aqua"
                            }
                        },
                        {
                            "function": "set_nbt",
                            "tag": "{regenerationaura:1}"
                        },
                        {
                            "function": "set_nbt",
                            "tag": "{Unbreakable:1}"
                        },
                        {
                            "function": "set_nbt",
                            "tag": "{Age:-32768}"
                        },
                        {
                            "function": "enchant_with_levels",
                            "treasure": true,
                            "levels": {
                                "min": 40,
                                "max": 64,
                                "type": "minecraft:uniform"
                            }
                        }
                    ]
                }
            ]
        }
    ]
}
