{
  "type": "entity",
  "pools": [
    {
      "rolls": 1,
      "entries": [
        {
          "type": "item",
          "weight": 1,
          "name": "minecraft:wheat_seeds",
          "functions": [
            {
              "function": "set_count",
              "count": 1
            },
            {
              "function": "set_nbt",
              "tag": "{rng:1}"
            },
            {
              "function": "set_attributes",
              "modifiers": [
                {
                  "attribute": "luck",
                  "name": "luck",
                  "operation": "add_value",
                  "amount": {
                    "min": 1,
                    "max": 100
                  },
                  "slot": "head"
                }
              ]
            }
          ]
        }
      ]
    }
  ]
}
