{
  "pools": [
    {
      "rolls": 1,
      "entries": [
        {
          "type": "minecraft:loot_table",
          "value": "rpg_loot:unidentified_item"
        }
      ]
    }
  ],
  "functions": [
    {
      "function": "minecraft:set_components",
      "components": {
        "minecraft:item_name": "\"Unknown Item\"",
        "minecraft:item_model": "rpg_loot:unknown",
        "minecraft:custom_data": {
          "tag": "unknown",
          "item_model": "minecraft:wooden_sword",
          "contents": {"item":"minecraft:wooden_sword","damage": [{"amount": 69,"type": "physical"},{"min": 1, "max": 2, "type": "fall"}],
          "attributes": [{ "min": 10, "max": 25, "type": "crit.chance", "operation": "add"}],"events": [{ "type": "click", "run": "say dab"}],
          "lore": [{ "text": "Test", "color": "yellow", "italic": false},{ "text": "Test 2", "color": "gold", "italic": false}],
          "name": "'dave'"
          }
        },
        "minecraft:enchantment_glint_override": false
      }
    },
    {
      "function": "minecraft:set_attributes",
      "modifiers": [
        {
          "attribute": "minecraft:entity_interaction_range",
          "id": "sword",
          "amount": { "min": -1,"max": 1 },
          "operation": "add_value",
          "slot": "mainhand"
        },
        {
          "attribute": "minecraft:attack_speed",
          "id": "sword",
          "amount": { "min": -1,"max": 1 },
          "operation": "add_value",
          "slot": "mainhand"
        }
      ],
      "replace": false
    },
    {
      "function": "minecraft:set_enchantments",
      "enchantments": {
        "rpgc:weapon": 1
      }
    }
  ]
}