{
  "pools": [
    {
      "rolls": 1,
      "entries": [
        {
          "type": "minecraft:item",
          "name": "minecraft:poisonous_potato",
          "functions": [
            {
              "function": "minecraft:set_components",
              "components": {
                "minecraft:item_name": "\"Unidentified Boots\"",
                "minecraft:item_model": "rpg_loot:unknown_boots",
                "minecraft:custom_data": {
                  "contents": {
                    "item": "minecraft:dirt",
                    "damage": [],
                    "attributes": [],
                    "events": [],
                    "lore": [],
                    "name": ""
                  }
                },
                "minecraft:consumable": {
                  "consume_seconds": 2147483647,
                  "animation": "none",
                  "sound": {
                    "sound_id": "",
                    "range": -1
                  },
                  "has_consume_particles": false
                },
                "minecraft:enchantments": {
                  "levels": {},
                  "show_in_tooltip": false
                },
                "!minecraft:food": {},
                "minecraft:hide_additional_tooltip": {},
                "minecraft:enchantment_glint_override": false,
                "minecraft:max_stack_size": 1,
                "minecraft:attribute_modifiers": {
                  "modifiers": [],
                  "show_in_tooltip": false
                }
              }
            }
          ]
        }
      ]
    }
  ]
}