{
  "type": "minecraft:chest",
  "pools": [
    {
      "rolls": {
        "min": 25.0,
        "max": 35.0,
        "type": "minecraft:uniform"
      },
	  "bonus_rolls": {
        "min": 0.0,
        "max": 1.0,
        "type": "minecraft:uniform"
		},
      "entries": [
        {
          "type": "minecraft:item",
          "weight": 3,
		  "quality": 1,
          "functions": [
            {
              "function": "minecraft:set_count",
              "count": {
                "min": 1.0,
                "max": 1.0,
                "type": "minecraft:uniform"
              }
            }
          ],
          "name": "minecraft:experience_bottle"
        }
      ]
    },
		{
        "rolls": {
        "min": 12.0,
        "max": 16.0,
        "type": "minecraft:uniform"
		},
		"bonus_rolls": {
        "min": 0.0,
        "max": 1.0,
        "type": "minecraft:uniform"
		},
		"conditions": [
                {
                    "condition": "killed_by_player"
                }
            ],
            "entries": [
			 {
                    "type": "minecraft:loot_table",
                    "name": "rpgloot:rare_items",
                    "weight": 400,
					"quality": 1 
             },
			 {
                    "type": "minecraft:loot_table",
                    "name": "rpgloot:veryrare_items",
                    "weight": 100,
					"quality": 3 
             },
			 {
                    "type": "minecraft:loot_table",
                    "name": "rpgloot:legendary_items",
                    "weight": 10,
					"quality": 5 
             },
			{
                    "type": "minecraft:item",
                    "name": "minecraft:trident",
                    "weight": 1,
					"quality": 5,
                    "functions": [
                        {
                            "function": "set_attributes",
                            "modifiers": [
                               {
                                  "name": "damage",
                                  "attribute": "generic.attack_damage",
                                  "operation": "addition",
                                  "slot": "mainhand",
                                  "amount": {
                                      "min": 9.0,
                                      "max": 12.0,
                                      "type": "minecraft:uniform"
                                  }
                               },
                               {
                                  "name": "attackSpeed",
                                  "attribute": "generic.attack_speed",
                                  "operation": "addition",
                                  "slot": "mainhand",
                                  "amount": {
                                      "min": -2.68,
                                      "max": -2.35,
                                      "type": "minecraft:uniform"
                                  }
                               }
                            ]
                        },
                        {
                            "function": "set_nbt",
                            "tag": "{display:{Lore:['{\"text\":\"\"}','{\"text\":\"Legendary\",\"italic\":\"false\",\"color\":\"gold\"}','{\"text\":\"Of sharp iron and powerful magic.\",\"italic\":\"true\",\"color\":\"gray\"}']}    }"
                        },
						{
							"function": "minecraft:set_name",
							"name": {
							"text": "Wrath of the Gods",
							"color": "gold"
							}
						},
						{
                            "function": "set_nbt",
                            "tag": "{lightningTrident:1b}"
                        },
						{
                            "function": "set_nbt",
                            "tag": "{Unbreakable:1}"
                        },
						{
                            "function": "set_nbt",
                            "tag": "{Age:-32768}"
                        },
                        {
                            "function": "enchant_with_levels",
                            "treasure": true,
                            "levels": {
                                "min": 40,
                                "max": 64,
                                "type": "minecraft:uniform"
                            }
                        }
                    ]
                },
				{
                    "type": "minecraft:item",
                    "name": "minecraft:chainmail_helmet",
                    "weight": 1,
					"quality": 5,
                    "functions": [
                        {
                            "function": "set_attributes",
                            "modifiers": [
                               {
                                  "name": "armor",
                                  "attribute": "generic.armor",
                                  "operation": "addition",
                                  "slot": "head",
                                  "amount": {
                                      "min": 2.4,
                                      "max": 3.0,
                                      "type": "minecraft:uniform"
                                  }
                               },
							   {
                                  "name": "toughness",
                                  "attribute": "generic.armor_toughness",
                                  "operation": "addition",
                                  "slot": "head",
                                  "amount": {
                                      "min": 0.0,
                                      "max": 2.0,
                                      "type": "minecraft:uniform"
                                  }
                               },
							   {
                                  "name": "movementspeed",
                                  "attribute": "generic.movement_speed",
                                  "operation": "multiply_base",
                                  "slot": "head",
                                  "amount": {
                                      "min": 0.00,
                                      "max": 0.15,
                                      "type": "minecraft:uniform"
                                  }
                               },
							   {
                                  "name": "maxhealth",
                                  "attribute": "generic.max_health",
                                  "operation": "addition",
                                  "slot": "head",
                                  "amount": {
                                      "min": 3.0,
                                      "max": 12.0,
                                      "type": "minecraft:uniform"
                                  }
                               },
							   {
                                  "name": "knockbackresistance",
                                  "attribute": "generic.knockback_resistance",
                                  "operation": "addition",
                                  "slot": "head",
                                  "amount": {
                                      "min": 0.0,
                                      "max": 0.30,
                                      "type": "minecraft:uniform"
                                  }
                               },
							   {
                                  "name": "attackdamage",
                                  "attribute": "generic.attack_damage",
                                  "operation": "addition",
                                  "slot": "head",
                                  "amount": {
                                      "min": 0.0,
                                      "max": 2.00,
                                      "type": "minecraft:uniform"
                                  }
                               }
                            ]
                        },
                        {
                            "function": "set_nbt",
                            "tag": "{display:{Lore:['{\"text\":\"\"}','{\"text\":\"Legendary\",\"italic\":\"false\",\"color\":\"gold\"}']}    }"
                        },
						{
							"function": "minecraft:set_name",
							"name": {
							"text": "Krános tis thálassas",
							"color": "gold"
							}
						},
						{
                            "function": "set_nbt",
                            "tag": "{display:{Lore:['{\"text\":\"\"}','{\"text\":\"Legendary\",\"italic\":\"false\",\"color\":\"gold\"}','{\"text\":\"Helmet used by the Knights of Poseidon.\",\"italic\":\"true\",\"color\":\"gray\"}','{\"text\":\"Ability: Water Breathing I\",\"italic\":\"false\",\"color\":\"gray\"}']}    }"
                        },
						{
                            "function": "set_nbt",
                            "tag": "{waterbreathing:1}"
                        },
						{
                            "function": "set_nbt",
                            "tag": "{Unbreakable:1}"
                        },
						{
                            "function": "set_nbt",
                            "tag": "{Age:-32768}"
                        },
                        {
                            "function": "enchant_with_levels",
                            "treasure": true,
                            "levels": {
                                "min": 40,
                                "max": 64,
                                "type": "minecraft:uniform"
                            }
                        }
                    ]
                },
				{
                    "type": "minecraft:item",
                    "name": "minecraft:diamond_chestplate",
                    "weight": 1,
					"quality": 5,
                    "functions": [
                        {
                            "function": "set_attributes",
                            "modifiers": [
                               {
                                  "name": "armor",
                                  "attribute": "generic.armor",
                                  "operation": "addition",
                                  "slot": "chest",
                                  "amount": {
                                      "min": 9.6,
                                      "max": 12.0,
                                      "type": "minecraft:uniform"
                                  }
                               },
                               {
                                  "name": "toughness",
                                  "attribute": "generic.armor_toughness",
                                  "operation": "addition",
                                  "slot": "chest",
                                  "amount": {
                                      "min": 2.4,
                                      "max": 3.0,
                                      "type": "minecraft:uniform"
                                  }
                               },
							   {
                                  "name": "maxhealth",
                                  "attribute": "generic.max_health",
                                  "operation": "addition",
                                  "slot": "chest",
                                  "amount": {
                                      "min": 0.0,
                                      "max": 8.0,
                                      "type": "minecraft:uniform"
                                  }
                               },
							   {
                                  "name": "knockbackresistance",
                                  "attribute": "generic.knockback_resistance",
                                  "operation": "addition",
                                  "slot": "chest",
                                  "amount": {
                                      "min": 0.0,
                                      "max": 0.60,
                                      "type": "minecraft:uniform"
                                  }
                               },
							   {
                                  "name": "attackdamage",
                                  "attribute": "generic.attack_damage",
                                  "operation": "addition",
                                  "slot": "chest",
                                  "amount": {
                                      "min": 0.0,
                                      "max": 2.00,
                                      "type": "minecraft:uniform"
                                  }
                               },						  
							   {
                                  "name": "luck",
                                  "attribute": "generic.luck",
                                  "operation": "addition",
                                  "slot": "chest",
                                  "amount": {
                                      "min": 0.0,
                                      "max": 0.5,
                                      "type": "minecraft:uniform"
                                  }
                               }
                            ]
                        },
                        {
                            "function": "set_nbt",
                            "tag": "{display:{Lore:['{\"text\":\"\"}','{\"text\":\"Legendary\",\"italic\":\"false\",\"color\":\"gold\"}','{\"text\":\"The breastplate of a true hero.\",\"italic\":\"true\",\"color\":\"gray\"}','{\"text\":\"Ability: Regeneration I Aura (8 Blocks)\",\"italic\":\"false\",\"color\":\"gray\"}']}    }"
                        },
						{
							"function": "minecraft:set_name",
							"name": {
							"text": "Ηγεthία",
							"color": "aqua"
							}
						},
							{
                            "function": "set_nbt",
                            "tag": "{regenerationaura:1}"
                        },
						{
                            "function": "set_nbt",
                            "tag": "{Unbreakable:1}"
                        },
						{
                            "function": "set_nbt",
                            "tag": "{Age:-32768}"
                        },
                        {
                            "function": "enchant_with_levels",
                            "treasure": true,
                            "levels": {
                                "min": 40,
                                "max": 64,
                                "type": "minecraft:uniform"
                            }
                        }
                    ]
                }
				
				

      ]
    }
		]
			}