{
  "criteria": {
    "requirement": {
      "trigger": "minecraft:entity_hurt_player",
      "conditions": {
        "damage": {
          "type": {
            "tags": [
              {
                "id": "rpgc:player",
                "expected": true
              }
            ],
            "direct_entity": {
              "type": "minecraft:player"
            },
            "is_direct": true
          }
        }
      }
    }
  },
  "rewards": {
    "function": "rpgc:-/player/unarmned/hurt"
  }
}