{
  "criteria": {
    "requirement": {
      "trigger": "minecraft:player_hurt_entity",
      "conditions": {
        "player": [
          {
            "condition": "minecraft:inverted",
            "term": {
              "condition": "minecraft:entity_properties",
              "entity": "this",
              "predicate": {
                "type": "#minecraft:arrows"
              }
            }
          }
        ]
      }
    }
  },
  "rewards": {
    "function": "rpgc:-/player/unarmned/hit"
  }
}
