{
  "pools": [
    {
      "rolls": 1,
      "entries": [
        {
          "type": "minecraft:item",
          "name": "minecraft:diamond_boots",
          "functions": [
            {
              "function": "minecraft:set_custom_data",
              "tag": "{attributes:[{type:'armor',operation:'add',amount:15.3},{type:'dmg.all',operation:'mul',amount:1}]}"
            },
            {
              "function": "minecraft:set_enchantments",
              "enchantments": {
                "rpgc:armor": 1
              }
            }
          ]
        }
      ]
    }
  ]
}
