{
    "pools": [
      {
        "rolls": 1,
        "entries": [
          {
            "type": "minecraft:item",
            "name": "minecraft:diamond_chestplate",
            "functions": [
              {
                "function": "minecraft:set_custom_data",
                "tag": "{events:[{type:death,run:'function example:sans'}],attributes:[{type:'armor',operation:'add',amount:15.3},{type:'dmg.fall',operation:'mul',amount:0.5}]}"
              },
              {
                "function": "minecraft:set_enchantments",
                "enchantments": {
                  "rpgc:armor": 1
                }
              }
            ]
          }
        ]
      }
    ]
  }
  