{
    "description": "",
    "supported_items": "#minecraft:enchantable/armor",
    "weight": 1,
    "max_level": 1,
    "min_cost": {
      "base": 0,
      "per_level_above_first": 0
    },
    "max_cost": {
      "base": 0,
      "per_level_above_first": 0
    },
    "anvil_cost": 0,
    "slots": [
      "armor"
    ],
    "effects": {
      "minecraft:tick": [
        {
          "requirements": {
            "condition": "minecraft:entity_properties",
            "entity": "this",
            "predicate": {
              "periodic_tick": 2
            }
          },
          "effect": {
            "type": "minecraft:run_function",
            "function": "rpg_loot:items/galeforged/tag"
          }
        }
      ]
    }
  }