{
  "description": "",
  "supported_items": "minecraft:barrier",
  "weight": 1,
  "max_level": 1,
  "min_cost": {
    "base": 0,
    "per_level_above_first": 0
  },
  "max_cost": {
    "base": 0,
    "per_level_above_first": 0
  },
  "anvil_cost": 0,
  "slots": [
    "any"
  ],
  "effects": {
    "minecraft:tick": [
      {
        "effect": {
          "type": "minecraft:run_function",
          "function": "rpgc:-/bow/impact"
        },
        "requirements": {
          "condition": "minecraft:entity_properties",
          "entity": "this",
          "predicate": {
            "vehicle": {
              "type": "#minecraft:arrows",
              "nbt": "{inGround:1b}"
            }
          }
        }
      },
      {
        "effect": {
          "type": "minecraft:run_function",
          "function": "rpgc:-/bow/hit"
        },
        "requirements": {
          "condition": "minecraft:inverted",
          "term": {
            "condition": "minecraft:entity_properties",
            "entity": "this",
            "predicate": {
              "vehicle": {
                "type": "#minecraft:arrows"
              }
            }
          }
        }
      },
      {
        "effect": {
          "type": "minecraft:run_function",
          "function": "rpgc:-/bow/flight"
        }
      }
    ]
  }
}
