{
    "pools": [
      {
        "rolls": 1,
        "entries": [
          {
            "type": "minecraft:loot_table",
            "value": "rpg_loot:unidentified_item/unidentified_sword"
          }
        ]
      }
    ],
    "functions": [
      {
        "function": "minecraft:set_components",
        "components": {
          "minecraft:custom_data": {
            "tag": "unknown",
            "item_model": "minecraft:diamond_sword",
            "contents": {"item":"minecraft:diamond_sword",
            "damage": [{"min": 11.7,"max":13.6,"type":"physical"}],
            "lore": [{ "text": "A sword made of gemstones", "color": "gray", "italic": false}],
            "name": [{"color":"blue","text":"Rare Diamond Sword"}]
            }
          },
          "minecraft:max_damage":400
        }
      },
      {
        "function": "minecraft:set_attributes",
        "modifiers": [
          {
            "attribute": "minecraft:attack_speed",
            "id": "sword",
            "amount": {"min": -2.6,"max": -2.4
            },
            "operation": "add_value",
            "slot": "mainhand"
          }
        ],
        "replace": false
      },
      {
        "function": "minecraft:set_enchantments",
        "enchantments": {
          "rpgc:weapon": 1
        }
      }
    ]
  }