{
  "pools": [
    {
      "rolls": 1,
      "entries": [
        {
          "type": "minecraft:loot_table",
          "value": "rpg_loot:unidentified_item/unidentified_sword"
        }
      ]
    }
  ],
  "functions": [
    {
      "function": "minecraft:set_components",
      "components": {
        "minecraft:custom_data": {
          "tag": "unknown",
          "item_model": "minecraft:wooden_sword",
          "contents": {"item":"minecraft:wooden_sword",
          "damage": [{"min": 5,"max":6.7,"type": "physical"}],
          "lore": [{ "text": "A piece of wood carved into a sword", "color": "gray", "italic": false}],
          "name": [{"color":"blue","text":"Rare Wooden Sword"}]
          }
        },
        "minecraft:max_damage": 240
      }
    },
    {
      "function": "minecraft:set_attributes",
      "modifiers": [
        {
          "attribute": "minecraft:entity_interaction_range",
          "id": "sword",
          "amount": {"min": -0.5,"max": 0
          },
          "operation": "add_value",
          "slot": "mainhand"
        },
        {
          "attribute": "minecraft:attack_speed",
          "id": "sword",
          "amount": {"min": -2.1,"max": -2.3
          },
          "operation": "add_value",
          "slot": "mainhand"
        }
      ],
      "replace": false
    },
    {
      "function": "minecraft:set_enchantments",
      "enchantments": {
        "rpgc:weapon": 1
      }
    }
  ]
}