{
  "type": "minecraft:chest",
  "pools": [
    {
      "rolls": {
        "min": 4.0,
        "max": 8.0,
        "type": "minecraft:uniform"
      },
      "entries": [
        {
          "type": "minecraft:item",
		  "weight": 30,
          "functions": [
            {
              "function": "minecraft:set_count",
              "count": {
                "min": 4.0,
                "max": 16.0,
                "type": "minecraft:uniform"
              }
            }
          ],
          "name": "minecraft:bread"
        },
        {
          "type": "minecraft:item",
		  "weight": 15,
          "functions": [
            {
              "function": "minecraft:set_count",
              "count": {
                "min": 1.0,
                "max": 3.0,
                "type": "minecraft:uniform"
              }
            }
          ],
          "name": "minecraft:apple"
        },
		{
          "type": "minecraft:item",
		  "weight": 1,
          "functions": [
            {
              "function": "minecraft:set_count",
              "count": {
                "min": 1.0,
                "max": 1.0,
                "type": "minecraft:uniform"
              }
            }
          ],
          "name": "minecraft:golden_apple"
        },
		{
          "type": "minecraft:item",
          "weight": 10,
          "functions": [
            {
              "function": "minecraft:set_count",
              "count": {
                "min": 1.0,
                "max": 5.0,
                "type": "minecraft:uniform"
              }
            }
          ],
          "name": "minecraft:cooked_beef"
        },
		{
          "type": "minecraft:item",
          "weight": 10,
          "functions": [
            {
              "function": "minecraft:set_count",
              "count": {
                "min": 1.0,
                "max": 5.0,
                "type": "minecraft:uniform"
              }
            }
          ],
          "name": "minecraft:cooked_porkchop"
        },
		{
          "type": "minecraft:item",
          "weight": 10,
          "functions": [
            {
              "function": "minecraft:set_count",
              "count": {
                "min": 1.0,
                "max": 5.0,
                "type": "minecraft:uniform"
              }
            }
          ],
          "name": "minecraft:cooked_mutton"
        },
		{
          "type": "minecraft:item",
          "weight": 10,
          "functions": [
            {
              "function": "minecraft:set_count",
              "count": {
                "min": 1.0,
                "max": 5.0,
                "type": "minecraft:uniform"
              }
            }
          ],
          "name": "minecraft:cooked_chicken"
        },
		{
          "type": "minecraft:item",
          "weight": 10,
          "functions": [
            {
              "function": "minecraft:set_count",
              "count": {
                "min": 1.0,
                "max": 5.0,
                "type": "minecraft:uniform"
              }
            }
          ],
          "name": "minecraft:cooked_cod"
        },
		{
          "type": "minecraft:item",
          "weight": 10,
          "functions": [
            {
              "function": "minecraft:set_count",
              "count": {
                "min": 1.0,
                "max": 5.0,
                "type": "minecraft:uniform"
              }
            }
          ],
          "name": "minecraft:cooked_salmon"
        },
		{
          "type": "minecraft:item",
          "weight": 10,
          "functions": [
            {
              "function": "minecraft:set_count",
              "count": {
                "min": 1.0,
                "max": 5.0,
                "type": "minecraft:uniform"
              }
            }
          ],
          "name": "minecraft:cooked_rabbit"
        },
		{
          "type": "minecraft:item",
          "weight": 25,
          "functions": [
            {
              "function": "minecraft:set_count",
              "count": {
                "min": 8.0,
                "max": 32.0,
                "type": "minecraft:uniform"
              }
            }
          ],
          "name": "minecraft:potato"
        },
		{
          "type": "minecraft:item",
          "weight": 20,
          "functions": [
            {
              "function": "minecraft:set_count",
              "count": {
                "min": 4.0,
                "max": 16.0,
                "type": "minecraft:uniform"
              }
            }
          ],
          "name": "minecraft:baked_potato"
        },
		{
          "type": "minecraft:item",
          "weight": 20,
          "functions": [
            {
              "function": "minecraft:set_count",
              "count": {
                "min": 8.0,
                "max": 32.0,
                "type": "minecraft:uniform"
              }
            }
          ],
          "name": "minecraft:carrot"
        },
		{
          "type": "minecraft:item",
          "weight": 5,
          "functions": [
            {
              "function": "minecraft:set_count",
              "count": {
                "min": 1.0,
                "max": 8.0,
                "type": "minecraft:uniform"
              }
            }
          ],
          "name": "minecraft:golden_carrot"
        },
		{
          "type": "minecraft:item",
          "weight": 10,
          "functions": [
            {
              "function": "minecraft:set_count",
              "count": {
                "min": 1.0,
                "max": 5.0,
                "type": "minecraft:uniform"
              }
            }
          ],
          "name": "minecraft:pumpkin_pie"
        },
		{
          "type": "minecraft:item",
          "weight": 10,
          "functions": [
            {
              "function": "minecraft:set_count",
              "count": {
                "min": 1.0,
                "max": 5.0,
                "type": "minecraft:uniform"
              }
            }
          ],
          "name": "minecraft:rabbit_stew"
        },
		{
          "type": "minecraft:item",
          "weight": 10,
          "functions": [
            {
              "function": "minecraft:set_count",
              "count": {
                "min": 1.0,
                "max": 1.0,
                "type": "minecraft:uniform"
              }
            }
          ],
          "name": "minecraft:cake"
        },
		{
          "type": "minecraft:item",
          "weight": 20,
          "functions": [
            {
              "function": "minecraft:set_count",
              "count": {
                "min": 2.0,
                "max": 8.0,
                "type": "minecraft:uniform"
              }
            }
          ],
          "name": "minecraft:dried_kelp"
        },
		{
          "type": "minecraft:item",
          "weight": 20,
          "functions": [
            {
              "function": "minecraft:set_count",
              "count": {
                "min": 6.0,
                "max": 24.0,
                "type": "minecraft:uniform"
              }
            }
          ],
          "name": "minecraft:sweet_berries"
        },
		{
          "type": "minecraft:item",
          "weight": 20,
          "functions": [
            {
              "function": "minecraft:set_count",
              "count": {
                "min": 6.0,
                "max": 24.0,
                "type": "minecraft:uniform"
              }
            }
          ],
          "name": "minecraft:beetroot"
        }
      ]
    }
  ]
}