{
    "pools": [
      {
        "rolls": 1,
        "entries": [
          {
            "type": "minecraft:loot_table",
            "value": "rpg_loot:unidentified_item/unidentified_sword"
          }
        ]
      }
    ],
    "functions": [
      {
        "function": "minecraft:set_components",
        "components": {
          "minecraft:custom_data": {
            "tag": "unknown",
            "item_model": "minecraft:netherite_axe",
            "contents": {
              "item": "minecraft:iron_sword",
              "damage": [{"amount":16,"type": "sonic"} ],
              "events": [{"type": "click","run": "function rpg_loot:items/sonar_sword/click"}],
              "lore": [{"text": "Deals sonic damage","color": "gray","italic": false},{"text": "Right click to launch yourself","color": "gray","italic": false}],
              "name": [{"bold": true,"color": "dark_blue","italic": false,"text": "Sonar Sword"}]
            }
          },
          "minecraft:enchantment_glint_override": false
        }
      },
      {
        "function": "minecraft:set_enchantments",
        "enchantments": {
          "rpgc:weapon": 1
        }
      }
    ]
  }