{
  "model": {
    "type": "minecraft:condition",
    "on_false": {
      "type": "minecraft:model",
      "model": "rpg_loot:item/ember"
    },
    "on_true": {
      "type": "minecraft:range_dispatch",
      "entries": [
        {
          "model": {
            "type": "minecraft:model",
            "model": "rpg_loot:item/ember_pulling_1"
          },
          "threshold": 1
        },
        {
          "model": {
            "type": "minecraft:model",
            "model": "rpg_loot:item/ember_pulling_2"
          },
          "threshold": 2
        },
        {
          "model": {
            "type": "minecraft:model",
            "model": "rpg_loot:item/ember_pulling_3"
          },
          "threshold": 4
        }
      ],
      "fallback": {
        "type": "minecraft:model",
        "model": "rpg_loot:item/ember_pulling_0"
      },
      "property": "minecraft:use_duration",
      "scale": 0.05
    },
    "property": "minecraft:using_item"
  }
}