{
  "model": {
    "type": "minecraft:range_dispatch",
    "property": "minecraft:custom_model_data",
    "index": 0,
    "entries": [
      {
        "threshold": 1,
        "model": {
          "type": "minecraft:special",
          "model": {
            "type": "minecraft:head",
            "kind": "player"
          },
          "base": "rpgc:player/head"
        }
      },
      {
        "threshold": 2,
        "model": {
          "type": "minecraft:special",
          "model": {
            "type": "minecraft:head",
            "kind": "player"
          },
          "base": "rpgc:player/right_arm"
        }
      },
      {
        "threshold": 3,
        "model": {
          "type": "minecraft:special",
          "model": {
            "type": "minecraft:head",
            "kind": "player"
          },
          "base": "rpgc:player/left_arm"
        }
      },
      {
        "threshold": 4,
        "model": {
          "type": "minecraft:special",
          "model": {
            "type": "minecraft:head",
            "kind": "player"
          },
          "base": "rpgc:player/torso"
        }
      },
      {
        "threshold": 5,
        "model": {
          "type": "minecraft:special",
          "model": {
            "type": "minecraft:head",
            "kind": "player"
          },
          "base": "rpgc:player/right_leg"
        }
      },
      {
        "threshold": 6,
        "model": {
          "type": "minecraft:special",
          "model": {
            "type": "minecraft:head",
            "kind": "player"
          },
          "base": "rpgc:player/left_leg"
        }
      },
      {
        "threshold": 7,
        "model": {
          "type": "minecraft:special",
          "model": {
            "type": "minecraft:head",
            "kind": "player"
          },
          "base": "rpgc:player/slim_right"
        }
      },
      {
        "threshold": 8,
        "model": {
          "type": "minecraft:special",
          "model": {
            "type": "minecraft:head",
            "kind": "player"
          },
          "base": "rpgc:player/slim_left"
        }
      }
    ],
    "fallback": {
      "type": "minecraft:empty"
    }
  }
}
