{
  "criteria": {
    "requirement": {
      "trigger": "minecraft:tick",
      "conditions": {
        "player": [
          {
            "condition": "minecraft:entity_properties",
            "entity": "this",
            "predicate": {
              "type_specific": {
                "type": "minecraft:player",
                "gamemode": [
                  "creative",
                  "spectator"
                ]
              }
            }
          }
        ]
      }
    }
  },
  "rewards": {
    "function": "rpgc:-/player/gamemode/creative"
  }
}
