{
    "pools": [
      {
        "rolls": 1,
        "entries": [
          {
            "type": "minecraft:loot_table",
            "value": "rpg_loot:unidentified_item/unidentified_axe"
          }
        ]
      }
    ],
    "functions": [
      {
        "function": "minecraft:set_components",
        "components": {
          "minecraft:custom_data": {
            "tag": "unknown",
            "item_model": "minecraft:diamond_axe",
            "contents": {"item":"minecraft:diamond_axe",
            "damage": [{"min": 15.4,"max":18,"type":"physical"}],
            "lore": [{ "text": "An axe made of finest gemstones", "color": "gray", "italic": false}],
            "name": [{"color":"gold","text":"Epic Diamond Axe"}]
            }
          },
          "minecraft:max_damage": 800
        }
      },
      {
        "function": "minecraft:set_attributes",
        "modifiers": [
          {
            "attribute": "minecraft:entity_interaction_range",
            "id": "sword",
            "amount": {"min": -0.5,"max": 0
            },
            "operation": "add_value",
            "slot": "mainhand"
          },
          {
            "attribute": "minecraft:attack_speed",
            "id": "sword",
            "amount": {"min": -3,"max": -2.5
            },
            "operation": "add_value",
            "slot": "mainhand"
          }
        ],
        "replace": false
      },
      {
        "function": "minecraft:set_enchantments",
        "enchantments": {
          "rpgc:weapon": 1
        }
      }
    ]
  }