{
    "pools": [
      {
        "rolls": 1,
        "entries": [
          {
            "type": "minecraft:loot_table",
            "value": "rpg_loot:unidentified_item/unidentified_sword"
          }
        ]
      }
    ],
    "functions": [
      {
        "function": "minecraft:set_components",
        "components": {
          "minecraft:custom_data": {
            "tag": "unknown",
            "item_model": "minecraft:golden_sword",
            "contents": {"item":"minecraft:golden_sword",
            "damage": [{"min":3,"max":7,"type":"magic"}],
            "lore": [{ "text": "An unstable magical sword", "color": "gray", "italic": false}],
            "name": [{"color":"gray","text":"Common Golden Sword"}]
            }
          },
          "minecraft:max_damage": 50
        }
      },
      {
        "function": "minecraft:set_attributes",
        "modifiers": [
          {
            "attribute": "minecraft:entity_interaction_range",
            "id": "sword",
            "amount": {"min": -0.5,"max": 0
            },
            "operation": "add_value",
            "slot": "mainhand"
          },
          {
            "attribute": "minecraft:attack_speed",
            "id": "sword",
            "amount": {"min": -2.6,"max": -2.4
            },
            "operation": "add_value",
            "slot": "mainhand"
          }
        ],
        "replace": false
      },
      {
        "function": "minecraft:set_enchantments",
        "enchantments": {
          "rpgc:weapon": 1
        }
      }
    ]
  }