{
    "providers": [
        {
            "type": "space",
            "advances": {
                " ": -1,
                "0": 1
            }
        },
        {
            "type": "bitmap",
            "file": "rpgc:bar/section/full/1.png",
            "height": 8,
            "ascent": 8,
            "chars": [
                "1"
            ]
        },
        {
            "type": "bitmap",
            "file": "rpgc:bar/section/full/2.png",
            "height": 8,
            "ascent": 8,
            "chars": [
                "2"
            ]
        },
        {
            "type": "bitmap",
            "file": "rpgc:bar/section/full/3.png",
            "height": 8,
            "ascent": 8,
            "chars": [
                "3"
            ]
        },
        {
            "type": "bitmap",
            "file": "rpgc:bar/section/full/4.png",
            "height": 8,
            "ascent": 8,
            "chars": [
                "4"
            ]
        },
        {
            "type": "bitmap",
            "file": "rpgc:bar/section/full/5.png",
            "height": 8,
            "ascent": 8,
            "chars": [
                "5"
            ]
        },
        {
            "type": "bitmap",
            "file": "rpgc:bar/section/full/6.png",
            "height": 8,
            "ascent": 8,
            "chars": [
                "6"
            ]
        },
        {
            "type": "bitmap",
            "file": "rpgc:bar/section/full/7.png",
            "height": 8,
            "ascent": 8,
            "chars": [
                "7"
            ]
        },
        {
            "type": "bitmap",
            "file": "rpgc:bar/section/full/8.png",
            "height": 8,
            "ascent": 8,
            "chars": [
                "8"
            ]
        },
        {
            "type": "bitmap",
            "file": "rpgc:bar/section/full/9.png",
            "height": 8,
            "ascent": 8,
            "chars": [
                "9"
            ]
        }
    ]
}
