{
    "providers": [
        {
            "type": "space",
            "advances": {
                " ": -1,
                "0": 1
            }
        },
        {
            "type": "bitmap",
            "file": "rpgc:bar/section/full/10.png",
            "height": 8,
            "ascent": 8,
            "chars": [
                "1"
            ]
        },
        {
            "type": "bitmap",
            "file": "rpgc:bar/section/full/20.png",
            "height": 8,
            "ascent": 8,
            "chars": [
                "2"
            ]
        },
        {
            "type": "bitmap",
            "file": "rpgc:bar/section/full/30.png",
            "height": 8,
            "ascent": 8,
            "chars": [
                "3"
            ]
        },
        {
            "type": "bitmap",
            "file": "rpgc:bar/section/full/40.png",
            "height": 8,
            "ascent": 8,
            "chars": [
                "4"
            ]
        },
        {
            "type": "bitmap",
            "file": "rpgc:bar/section/full/50.png",
            "height": 8,
            "ascent": 8,
            "chars": [
                "5"
            ]
        },
        {
            "type": "bitmap",
            "file": "rpgc:bar/section/full/60.png",
            "height": 8,
            "ascent": 8,
            "chars": [
                "6"
            ]
        },
        {
            "type": "bitmap",
            "file": "rpgc:bar/section/full/70.png",
            "height": 8,
            "ascent": 8,
            "chars": [
                "7"
            ]
        },
        {
            "type": "bitmap",
            "file": "rpgc:bar/section/full/80.png",
            "height": 8,
            "ascent": 8,
            "chars": [
                "8"
            ]
        },
        {
            "type": "bitmap",
            "file": "rpgc:bar/section/full/90.png",
            "height": 8,
            "ascent": 8,
            "chars": [
                "9"
            ]
        }
    ]
}
